QmahzdBn6KAzC1eejsBftx8EvmUK62vniPEU8zKgjrTUe7,http://dbpedia.org/data/Berlin.n3
QmPUstQJFCb2yeQNkDjYoq9xL2ftuZ9jpDgQipFKTXfnsE,http://dblp.rkbexplorer.com/models/void.ttl
QmeUgpvMMuP9mUaLddkadb5ZrHvBuqNzVZhTTtZk1SXx9S,http://miuras.inf.um.es/lod/ogolod2.owl
QmXLHqXKfUZmcbJr73DhPeRCCKwYM8gwoifCQv1PmmZJvp,http://ta.sandrart.net/data/lod.rdf.gz
QmUUyPygFPF2H9kPtc1j8T694E9hCszPAmfvcWTryXETWb,http://roni.rkbexplorer.com/models/void.ttl
QmSgK2hAGmu76KzEpFuXKp7aVkDQ37SvuYpiTYdkG3m8SP,http://theviewfrom.org/.rdf
QmPTppPyiZFnq7D2xAjrFHecQs11HFSdizasLADuicoW62,http://irit.rkbexplorer.com/models/void.ttl
QmWqtFGdJffYV7EC1PFMcjuYJYXHWXQSycWtWTrWJKzfuJ,http://resource.geolba.ac.at/PoolParty/OpenConfigPathResourceProvider/backuproot?fileName=d7b07bce-7ce4-4bcb-85ae-e0f774e6fb8d/pp_project_geologische_einheiten.rdf&contentType=application/rdf%2Bxml
QmYRJaPBmXp9LemTCEiqn9LbettmuKpNgFswBWFmKHj5Dx,http://courseware.rkbexplorer.com/models/void.ttl
QmQfZKTBj7EniNR3mdUtsetD1Yaro8AFbKjiexw1askXTc,http://www.cs.vu.nl/~pmika/swc/btc.html
QmZK8tCDuw7uxUWQuZnJyUEfGSwDR4KxmQWkMAigd2wr82,http://risks.rkbexplorer.com/models/void.ttl
QmXZBgY1BDabQkPRMb4tzgW4LQfG6VEk9TDmMPHD8fcRz6,http://data.europeana.eu/download/1.1/datasets/nt/09407a_Ag_ES_ELocal_esegen.nt.bz2
QmZY7UdjgQL992rTfcatRoE5hHpdvhjPcRMuRL6cZqjJ2P,http://glottolog.org/void.rdf
QmZDXv4bEWyiwaXjYzaSjGw4HcjBL8UJdF8Pt4nqC9HFuq,http://ieeevis.tw.rpi.edu/source/ieeevis-tw-rpi-edu/file/cr-aggregated-params/version/latest/conversion/ieeevis-tw-rpi-edu-cr-aggregated-params-latest.ttl.gz
QmWZ51sTnebyTViT1xfRWZmhSwWNvLEgPnUxtxMSTva3GT,http://red.gnoss.com/voidAEGP.n3
QmZ2g5supgH1HcZQ3VuYu6oHTzpV6wLrGMGLGyUoktxecs,http://www.destin-informatique.com/scheme/skos.jsp?about=jita
QmQGpKfysTq2uorSEC69X3TPBPsVvNDauQ8WUHj1eRESFc,http://data.totl.net/cancer_causes.rdf
QmbhdymXhcrBbS6GadLd61ayorGy5CbtaQPNmNhAtuuXZZ,http://www.w3.org/2004/02/skos/core#
QmYHVaYMA42i7GtA5z8fMVytufH8PmJ6FWYtEd4SXU8k5t,http://resource.geolba.ac.at/lithology.rdf
QmS3qHP3mcwueNnWXLQaByPqrWDojLoJZHBbzp5xrEXRx3,http://deploy.rkbexplorer.com/models/void.ttl
QmTjtJ6yNucSjkDicGi5fM445mPZQKpgiVANvk1kcz4eKY,http://data.europeana.eu/download/1.1/datasets/nt/08601_Ag_EU_EFG_DFI.nt.bz2
QmNZYUKxcLKFELABTLH4pDDDzmSg9M4JfmCoMf5ktBRL7h,http://www.bbc.co.uk/ontologies/programmes/2009-09-07.n3
QmVUbAi5eq3UpzaxTpDRYiC4fiFDUUj7wKFtJf5JdM6bx8,http://rdfdata.eionet.europa.eu/void.rdf
QmXykaxGQBuXdJ9A5UkPGNmqfMohkswLc3rDXcuS2VVG77,http://ichoose.tw.rpi.edu/source/ichoose/file/cr-full-dump/version/latest/conversion/ichoose-tw-rpi-edu.nt.gz
QmYUf1F1csDocb3BUMREdfcXbW3HG8SrPZ4yZvF6QjpuKU,http://data.dcs.shef.ac.uk/dump/datadcs-withdblpV1-28Feb2010.rdf
QmdhMC3LMDNKNCKqR24eNDhgUqduCvEiYgBFZrVi2TFVYd,http://data.totl.net/chess/
QmSDxRADkZMJ1L5864YBFg8qKVtHHrLsxTqSyP9wDFUhNy,http://alaska.eagle-i.net/sparqler/sparql?view=published-resources&format=text/turtle&query=PREFIX+rdfs%3A+%3Chttp%3A%2F%2Fwww.w3.org%2F2000%2F01%2Frdf-schema%23%3E+PREFIX+%3A+%3Chttp%3A%2F%2Feagle-i.org%2Font%2Frepo%2F1.0%2F%3E+construct+%7B%3Fs+%3Fp+%3Fo+.+%3Fp+rdfs%3Alabel+%3Fp_label+.+%3Fo+rdfs%3Alabel+%3Fo_label%7D+where+%7Bgraph+%3ANG_Published%7B%3Fs+%3Fp+%3Fo%7D+.+optional%7B%3Fp+rdfs%3Alabel+%3Fp_label+%7D+.+optional%7B+%3Fo+rdfs%3Alabel+%3Fo_label%7D%7D+
QmNpgMtwLPbB7jErvRu8j62hBggmFYuPRU5oPvCkkYqYJh,http://data.dws.informatik.uni-mannheim.de/dbpedia/2014/dbpedia_2014.owl
QmW6FKKkZByZqo4eZ9dksdEFK2SEeNArWAbgCB8pdMuHRs,http://ner.vse.cz/datasets/linkedhypernyms/nl.instances.all.nt.gz
QmWUSSGL1qBMEEdo6J3ENsYgdCaUn6aLTG43gfdXiNjC61,http://fun.rkbexplorer.com/models/void.ttl
QmRG1bJ3TwXLubfJGvc8QKJuGvYwyLUjeAjtswJxtviY1a,http://gdlc.rkbexplorer.com/models/void.ttl
QmevCZhEftbZ9Mmbw5kEJ9JAJVuSNCkVvdfCBrTXjetu3X,http://obofoundry.org/ro/ro.owl
QmUrhuroEDM2Yr1SeC9bXHnqqSLN95HGH9xcYFv7SoFRyy,http://purl.org/weso/static/nomenclator/datasets/nomenclator-onto.ttl
QmdfJsV7n9TtGXsAKZKibDdkD7nrQ7XhEYGbUCGGPxgwz7,http://digitaleconomy.rkbexplorer.com/models/void.ttl
QmdwXgHTyeBdXXTWifjcoeMQDzhPM3Zucf2eAUSEyRY7cZ,http://aemet.linkeddata.es/sparql_en.html
QmQWq7zAJ5vgtYXNb85PnEmHzipuQQsf6U1DNi2g1sDzhv,https://commondatastorage.googleapis.com/ckannet-storage/2012-09-25T143058/void.ttl
QmQUx89jKQ61ts7Ek57coLC1jMVmDp2h4xTKQQVvCQ8zDj,http://xmlns.com/foaf/spec/index.rdf
Qmaqj3fPw6VUkrGyZBKucDWrio76YbkViaLuZJpQxwE1t2,http://webenemasuno.linkeddata.es/sparql.html
QmYZc4Es3oRXJNw5hc4p3bw1pJgcZskArkU2dRH9pfBQCE,http://provenanceweb.org/ns/pml#
QmegJbVu9n31M6kxrBJQx2sP7p9yFdk97YfrDAN8SvJb5q,http://brown.nlp2rdf.org/dataid.ttl
Qme7LWixoK7jjJzdMXUWRke4q61o3YJSRE9KZLRacM2RYH,http://uccaribe.eagle-i.net/sparqler/sparql?view=published-resources&format=text/turtle&query=PREFIX+rdfs%3A+%3Chttp%3A%2F%2Fwww.w3.org%2F2000%2F01%2Frdf-schema%23%3E+PREFIX+%3A+%3Chttp%3A%2F%2Feagle-i.org%2Font%2Frepo%2F1.0%2F%3E+construct+%7B%3Fs+%3Fp+%3Fo+.+%3Fp+rdfs%3Alabel+%3Fp_label+.+%3Fo+rdfs%3Alabel+%3Fo_label%7D+where+%7Bgraph+%3ANG_Published%7B%3Fs+%3Fp+%3Fo%7D+.+optional%7B%3Fp+rdfs%3Alabel+%3Fp_label+%7D+.+optional%7B+%3Fo+rdfs%3Alabel+%3Fo_label%7D%7D+
QmWEMvS3z6PuTr8KupXwEWBmCSmBPKHQ7pPVT9cMskZWcc,http://upr.eagle-i.net/sparqler/sparql?view=published-resources&format=text/turtle&query=PREFIX+rdfs%3A+%3Chttp%3A%2F%2Fwww.w3.org%2F2000%2F01%2Frdf-schema%23%3E+PREFIX+%3A+%3Chttp%3A%2F%2Feagle-i.org%2Font%2Frepo%2F1.0%2F%3E+construct+%7B%3Fs+%3Fp+%3Fo+.+%3Fp+rdfs%3Alabel+%3Fp_label+.+%3Fo+rdfs%3Alabel+%3Fo_label%7D+where+%7Bgraph+%3ANG_Published%7B%3Fs+%3Fp+%3Fo%7D+.+optional%7B%3Fp+rdfs%3Alabel+%3Fp_label+%7D+.+optional%7B+%3Fo+rdfs%3Alabel+%3Fo_label%7D%7D+
QmYgB9eNdqpaBcxhA3sKUB2mJSQXfGMpgB81zZ1oVhmK3n,http://semanticweb.cs.vu.nl/europeana/sparql/
QmdP8M8nF74WzZLxtEnFkLX31W75X8fjB4eUei5jhmdsct,http://lab.environment.data.gov.au/def/acorn/time-series.rdf
QmYG2pgFbuf32vrZWMgRztxo42yZSoKPCFtUuFfhGk6Vm4,http://motools.sourceforge.net/doc/musicontology.rdfs
QmRbuVpm1KSoEZHT4KMyGzRapacnJP648kyonckzo4PEia,http://obofoundry.org/ro/ro.owl#
QmVTi9Xh67LwBKf8jeA42hMEz5WxcmtChh9tdjvx3j2hV1,http://data.europeana.eu/download/1.1/datasets/nt/92060_Ag_EU_TEL_a0478_Austria.nt.bz2
QmeGwegayFvdz6EJKgvfX88pmb9dwGBUuRf3dpXrVosLns,http://ec.europa.eu/eurostat/ramon/rdfdata/void.rdf
QmeJjdnyG2DU4mUVAtTYUwcwYaib9DjTg9e18xggNZwPeX,http://unlocode.rkbexplorer.com/models/void.ttl
QmbFWHtKQ2LQBjAmsS1tHTBXWFchTHAGW3MF5YXyeDnofv,http://data.lenka.no/dumps/kommune-navn.ttl
QmWKweqNRR4ZpArPaLa9zJKvipLSTfK4QFbePwca64ke7u,https://raw.github.com/bio2rdf/bio2rdf-mapping/master/2/biomodels/bio2rdf_biomodels_sio_mapping.owl
QmaW3RixvxEXLRu3RTLWb8EaS46HovMjPn9vw4jt5Xh4JA,http://riese.joanneum.at/dump/
QmT7QnZEsvMcB7zPqf8MvHMY37b5Ff1w7ATjzvyjChTgso,http://data-gov.tw.rpi.edu/2009/data-gov-twc.rdf
QmPmLuPNXNnbRUyVsAxWgbwakcbiKzdVNB4cE4vA7fjD6u,http://persistence.uni-leipzig.org/nlp2rdf/ontologies/nif-core
QmcgWTdHxZ5RfuvG5kyZQyJZ8v4G37g5BWTHUeDKnEMVCA,http://opendata.euskadi.net/contenidos/ds_recursos_turisticos/turismo_negocios_euskadi/opendata/r01DataSet.rdf
QmYxbqX8WkuK3YWiuxTC1njzCpMbGHEXjjwQaPzfJridBa,http://ec.europa.eu/eurostat/ramon/rdfdata/nuts2008.rdf
QmUV7FnwmEa33brf8mJQuXvosPdYyf55XpHwsZjuf3a2w3,http://opendata.euskadi.net/contenidos/ds_recursos_linguisticos/memorias_traduccion/opendata/r01DataSet.rdf
QmdDdFfJaP15TJ4fb8UyiuX4v1uW964Z2eYxFtpCXm1WAH,http://linguistic.linkeddata.es/id/apertium/lexiconCA
QmYvWY54JGCqp7SZ1LZMXizgU7EBBNzBfx2RS43xjoPp5E,http://data.europeana.eu/download/1.1/datasets/nt/92039_Ag_EU_TEL_a0005_Portugal.nt.bz2
QmahbivYhneFUBATjLkKyXsU1kVzNx4VcrVdp5ZsdDQPiJ,http://jisc.rkbexplorer.com/models/void.ttl
QmaZpMai2fpanPbc8GkwXfzN9wEPUEwtxaR6sFXotePzaA,http://data.oceandrilling.org/descriptions/codices.void
QmPaY4rtSiVNxaWhre3jGJegsJkH919HDNsH8jCRroXAwS,http://www.bl.uk/schemas/bibliographic/blterms
QmdtcRXJa6NBbEx4hbTvA9W6861kmBnNATgyA7xdHGnUjJ,http://ec.europa.eu/eurostat/ramon/rdfdata/nace_r2_desc.rdf
QmeKtgw842qyt5xJonKgC1KLQYrTPvELrGoWa8Pk32axXx,http://www.w3.org/ns/org
QmRMKGco1ryzCyUnXbR4pzacTPJZixZ2hD7di8Ai5twUwL,http://ltsc.ieee.org/xsd/lomv1.0/common/vocabValues.xsd
Qma6sY9mWP4tJM1tvtcKkFQRvLJs2W59MojDGpCTkDd6c9,http://www.openmobilenetwork.org/resource/void
QmYs4ZzAi1ALj3zqSKwUKvZCbYLkSE1qSCEJee6N1y9CjT,http://eunis.eea.europa.eu/rdf/species.rdf.gz
QmQMbGtd3Cgv3myBcr7jFK15MBXZ2BJhYoT2aEnfuxYxb6,http://athelia.com/voidAtheliaRFIDGNOSS.n3
QmRX4uprYbbV3CxRQGZ5o73P4oxobF1GmPUqWSvPgMeiMm,https://commondatastorage.googleapis.com/ckannet-storage/2012-09-27T161432/void.ttl
QmTHk1Uvpzq2dSeMw3oUG5EynwrthGoeHEUE1QihG9U2eS,http://data.ifpri.org/rdf/ghi/raw/Global-Hunger-Index-2011.rdf
QmP5U8VzMPRZgFVeG8TSD7Eh2DXuLLwaLfVNYeBBp1NjXH,http://data.totl.net/zodiac/
QmXKQ8g5ynGmZCTRrY3dhiVXm9Uhzm9aHxXD51s1LE5ktA,http://www.yovisto.com/
QmcLLxQHiEfgiJbqEvKV9C9rp65hGryEhX6WsdaLNM3mG6,http://klappstuhlclub.de/wp/wp-content/plugins/RDF2WP/Output/EntireBlogExporter.php?format=text/plain
QmVxSPx5NmDfs6AJEytDcpNcLQBKMyYwt8KxTEmPjxmxmF,http://sci-class.math.auth.gr/MSCLW/msc_void.ttl
QmZ428Zfh1fySvNckxuSx6YdU1EBmjq9TmRrXuZHGoftPw,https://ckannet-storage.commondatastorage.googleapis.com/2013-01-30T165441/2012-q1.rdf
QmWNrdt9fWyQsFchgjtAEfPUnDJZeoMrtLSMmDn5gAf9ZJ,http://www.w3.org/2006/vcard/ns#
QmQKjPPVupcbcyyX5yQmpkdKchm4xeQoEhhfzMv2jy5V1i,http://lobid.org/dataset/resource/about.ttl
QmY4U648Av6bgF6MmAMHtVYFRzrJpQud2oU2sAkAE1GZhY,http://lod.b3kat.de/download
Qma9j2zXZGVQJ7FqHDX7d4rCcucSSwysdP1J4NB1jRwy8Z,http://nuts.geovocab.org/data/0.91/nuts-rdf-0.91.ttl
QmfJT8fZEvBZX9UdQAvfdeqiYaGJ6CXB9B7YbUbAtE6Mrj,http://www.kupkb.org/data/kupkb/dataset/010913
QmVnBN8tAHdMRvhU3Ns22QWFvkf6GaAqLd9v6bSMpzcNu8,http://eunis.eea.europa.eu/rdf/sites.rdf.gz
QmZXjcitnbQ9HuqK75YJEHHwjcg6q5dWtQ7ga281W7KK3P,http://resource.geolba.ac.at/tectonicunit.rdf
QmeaxJn7MKJYCYraimwrkrNqMRKqfvvfhVmKJriPuMdsiz,http://www.eionet.europa.eu/gemet/void.rdf
QmWXextNEEyAQNDP2tB2Y1FaPLBoeZox7TYAb2JkFWX1gM,http://ieeevis.tw.rpi.edu/source/ieeevis-tw-rpi-edu/file/cr-full-dump/version/latest/conversion/ieeevis-tw-rpi-edu.nt.gz
QmYzE6LpoSQJmZXWaKBxZtvvxvkPByuBUDkjVinwU1bUTf,http://eunis.eea.europa.eu/rdf/habitats.rdf.gz
QmPt6pC4CPwmRi4xfToYrBQmP1kD9XJdxYvA4AA8h9YM4U,http://www.ontologydesignpatterns.org/ont/web/irw.owl#
QmS8VKe7tbdNqW7ziCKsECoRVTbwLvmcNJUGLCRfQnxGdz,http://citeseer.rkbexplorer.com/models/void.ttl
QmVT1nxrvwrcUfhXoTKJmupukqs9c6T1TeTqfNMv9Ah1Uf,http://dbpedia.org/data/Berlin.rdf
QmQFb5Hm8eHqGK9bZMMeYPTmcy6A6WinxEDxaG597RStWi,http://www.languagelibrary.eu/owl/italWordNet15/schema/wordsenseandwords
QmdMhd2RmQY73XjoeZuwPCAXgRCdPuVPzG1eZTmp3sdXsC,http://ckan.net/storage/f/file/12be3509-4cd1-4fc5-8c95-d0d3a7121766
QmSiS8RwTcr24gYb3hQbjhjuKJ23MNzYT5TTzR3rHDGscB,http://umbel.googlecode.com/svn/trunk/v100/Ontology/umbel_v100.n3
QmdmzsNetLsP8AAtFsprKUtxpcBZBPAAKqUjZ46CQfHTmt,http://rdf.muninn-project.org/Muninn.rdf
QmVCRHG6qo6V4PZ1RLxzUGMMFqSSVLCfjjpJywBJKALpvq,http://scoreboard.lod2.eu/data/scoreboardDataCube.rdf
QmSGX2bWQjCbGjXmw9BtPcgqWGVG9ShuqKjVuqpU6mdM7V,http://ft.rkbexplorer.com/models/void.ttl
QmQD1DorWSK7Gd55LsnF3NfzLj5gJLescDbXJwaYFmirEq,http://linkedopencolors.appspot.com/void.rdf
QmbAjxuCvbubN4gPNCLbi5wg2f6tbBmGDj4q8fYqXSQbSk,https://commondatastorage.googleapis.com/ckannet-storage/2012-07-17T084118/hebis-00000001-05051126.rdf.gz
QmfXGWxvsZ78HuKPJoMRJYygduVjxSYnVa91wde79USRAr,http://softlayer.dl.sourceforge.net/project/vivo/Ontology/vivo-core-1.1.owl
QmTUaf5WN6uddxK9XSNSmr3RNfUNrfbfrC6vy9LbQjJrwx,http://data.europeana.eu/download/1.1/datasets/nt/09414b_Ag_NO_ELocal_Foto-SF.nt.bz2
Qme9kBGHRQjmbnzJQtCQiwRHDXXDaohCW65AgsEcsJNKng,http://oecd.270a.info/.well-known/void
QmdEuTKwVW1JCmjG7ew6YsyTUxx1osCeouK5pGfPxRbgKc,http://data.totl.net/he/
QmNsTPse9jPopNVKGEpy6TnSKP43ZxdoqZGHKWbgwbhfvE,http://data.reegle.info/thesaurus/concept
QmZ9ZReind5imNdsRQuDrvq2yNsPPbmgiMDesLrd4YJXsx,http://lod.ac/bdls/void.ttl
QmZr1PTHWeUFdNEo8t2Da2A2eiiKzBMQbqtcnWM1z5Y5Kb,http://data.europeana.eu/download/1.1/datasets/nt/09405f_Ag_UK_ELocal_TWAM-MN.nt.bz2
QmaN8tQAWZrrsLGLDiyGCev4QnYr487zzzRMsqZxY9ZhVP,http://reference.data.gov.uk/def/central-government
QmbfnMnnSNDhqe1GgWxJKgNepcF6VicLFVmPHvm6YERC4a,http://lod.hebis.de/lod/hebis-05051128-10174115.rdf.gz
QmS62CbFgM8ym1UZgC78aWZjuJr7JvmNetbZ6shVzdYG8z,http://agrinepaldata.com/download/agrinepaldataont.owl
Qmc1kGC2hBuDtsAGKiEm4HiVmegYM9SaiF5PazAWhf6sYW,http://rdf.myexperiment.org/void.rdf
QmQAne9a7nD8EfKCkw2R6Ud47WbrFU7KEqUXckdwENhjCR,http://harvard.eagle-i.net/sparqler/sparql?view=published-resources&format=text/turtle&query=PREFIX+rdfs%3A+%3Chttp%3A%2F%2Fwww.w3.org%2F2000%2F01%2Frdf-schema%23%3E+PREFIX+%3A+%3Chttp%3A%2F%2Feagle-i.org%2Font%2Frepo%2F1.0%2F%3E+construct+%7B%3Fs+%3Fp+%3Fo+.+%3Fp+rdfs%3Alabel+%3Fp_label+.+%3Fo+rdfs%3Alabel+%3Fo_label%7D+where+%7Bgraph+%3ANG_Published%7B%3Fs+%3Fp+%3Fo%7D+.+optional%7B%3Fp+rdfs%3Alabel+%3Fp_label+%7D+.+optional%7B+%3Fo+rdfs%3Alabel+%3Fo_label%7D%7D+
QmVKt6qmy2f1nwyVK3HuWSwjQBh7eu17PEgHttyMCbzdGU,http://govwild.hpi-web.de/0.6/GWOntology.rdf
QmchB9xmVVmfVCq8jPshs4gY9BbN4aKikaNrwVFEYQ6sYf,http://data.totl.net/4inarow/
QmZzeBGDTRYbLzJHoeC8iQA949DDknuoqPhvL7PhLxeGw6,http://data.reegle.info/developers/projectoutput
QmSLKkV1ciqfz2hUy3G53rAt8wc6XZYMRgBmrDJAurHyA9,http://resource.geolba.ac.at/PoolParty/OpenConfigPathResourceProvider/backuproot?fileName=urn:uuid:1D763DCD-0E5C-0001-FBB1-1D401A50B620/pp_project_geologische_zeitskala.rdf&contentType=application/rdf%2Bxml
QmfGsm5p3Wp28mBsMeKz4NQEfdUipsTzPo42SZSPCPT7TS,http://greek-lod.auth.gr/Police/police.nt.gz
QmandAgjC9oU3y2s23t2hRBjHjhd9ivvqRhpJzZqpuxZtc,http://data.reegle.info/developers/profile
QmPFNbzu7z9k5n3zYAMasus9z8TV9kBzJzFQMH6bzBzuWQ,https://commondatastorage.googleapis.com/ckannet-storage/2012-05-29T154559/2012-05-23_vivo.iu.edu_export.rdf
QmSUQUXsPjXrwCgPFNbywxakftYfycwUFeEq2gKGfpD5ER,http://greek-lod.auth.gr/Fire/fire.nt.gz
QmVhYjAek69Yo8N3BxNRmiHSoF9shMLAC3Xb5wNeCxK84k,http://lobid.org/dataset/organisation/about.ttl
QmUY4yRWAXdG9VSxThVLv8uU1d46qHVELP4gAdd6dm8kzD,http://inference-web.org/2.0/pml-provenance.owl#
QmYAwKPM7KfHKbhSwvoVPKPT5xLvKYA6orY5GpZVy4hBUw,http://www.govtrack.us/data/misc/sec.n3.gz
Qma4cPKsoQvRuHw4eydC8zVDkb9cE3A7NxA8knSTPPZWAa,http://ibm.rkbexplorer.com/models/void.ttl
QmR4EBi8LiJPiwsBufxRMJGetA4LEqENrDhTMaBoTUPVoV,http://msc2010.org/mscwork/msc2010-nomath.rdf
QmW46ywaWefUaEFUkvvctF3aC6Pu3JXXJYL24J8sKgXbLF,http://hawaii.eagle-i.net/sparqler/sparql?view=published-resources&format=text/turtle&query=PREFIX+rdfs%3A+%3Chttp%3A%2F%2Fwww.w3.org%2F2000%2F01%2Frdf-schema%23%3E+PREFIX+%3A+%3Chttp%3A%2F%2Feagle-i.org%2Font%2Frepo%2F1.0%2F%3E+construct+%7B%3Fs+%3Fp+%3Fo+.+%3Fp+rdfs%3Alabel+%3Fp_label+.+%3Fo+rdfs%3Alabel+%3Fo_label%7D+where+%7Bgraph+%3ANG_Published%7B%3Fs+%3Fp+%3Fo%7D+.+optional%7B%3Fp+rdfs%3Alabel+%3Fp_label+%7D+.+optional%7B+%3Fo+rdfs%3Alabel+%3Fo_label%7D%7D+
QmfAv8tKH2LKNXq2nCvNu9yDWK64fTiYKZmAUsMju1yg9k,http://purl.org/court/def/2009/coin
QmZoJeJj96JYoi4wj5QWJcjCPpucPVD125W83mh2KzCWam,http://disi.unitn.it/~knowdive/dataset/delicious/tags2con
QmV3HJToaxyFThEJi7byrG7ePaow3i2yiKVqoNtTTtFMAx,http://museos.gnoss.com/voidLaboratorioDeIdeas.n3
QmVU8d6PB8jdjGBcswwDUyHG6E2UXdetFxRBetGxUV85AB,http://wiki.rkbexplorer.com/models/void.ttl
QmcwciJzmUtfgX7zWiWRod2TKZVSQxvdPgwdY5PdeVnYRE,http://locv.tw.rpi.edu/source/us/file/cr-full-dump/version/latest/conversion/locv-tw-rpi-edu.nt.gz
QmYFJ42TnXJ6s8JiCxbkbQ5djkgzTqR5QzFZGDGuydpmT6,http://data.nobelprize.org/dataset
QmTdp5sW4qktcL4RbeYHp7nu5AvnGCWaFajSWUjeQyC2dY,http://purl.org/meducator/ns
QmQq9FVPY4iLhSbfk7YiNrJQcZeLWSR6QpjAaHpFLStEty,http://semanticscience.org/ontology/sio.owl
QmXcK6sGhaGqZAL8bygjfkVHavUddGZifHquDBz3bDabgA,http://usefulinc.com/ns/doap#
QmUzGpiLBvkyStmzvj7pTM4H717hGmFaVKDZu9yZU1aYNQ,http://www.languagelibrary.eu/owl/simple/psc/pscLemon
QmYjy1Hx3bht9SH28iWgpgP5HvnZC16L3Si1um81nZHgT3,http://mortality.psi.enakting.org/id/void
QmbAxV6Q3x2J893zv4ccXrc3DoN3xmLLzCwvbkKxYNhruM,http://id.southampton.ac.uk/dataset/apps/latest.rdf
QmYGXQPUWTGr8d3MkNjfw4sMF7MGXZ1ndFD3CQsb5MqqHV,http://onki.fi/en/browser/downloadfile/kunnat?o=http%3A%2F%2Fwww.yso.fi%2Fonto%2Fkunnat&f=kunnat%2Fkunnat2011-skos.ttl
QmZTc83TLhuof1iMrSgCDK4xfhvaizQ6DLsTmdvjTgqhPF,https://commondatastorage.googleapis.com/ckannet-storage/2011-11-03T123441/VulneraPedia.full.v0.5.rdf
QmZZNwA2rWBbpiRAgX3j4cJ6CMBKicy7LZu8rdVr12xQp3,http://crime.psi.enakting.org/id/void
QmcV72UQkUGwacbwo2cCmx6YpkNQMydsbFbisTusicEtct,http://kent.zpr.fer.hr:8080/educationalProgram/vocab/sisvu.rdf
QmVc8XGJZYr2dhh3RPJk2Kjnu1TdAdo7fHuPdVjigAtYRV,http://inference-web.org/2.0/pml-provenance.owl
QmbYSdamwRApZ6hkdwt7CkmesfjLLVsPi26f5ws9A5gBsb,http://knoesis.wright.edu/resources/library-resources/ontologies/swetodblp/august2007/opus_august2007.rdf
QmXntrVENsi2LQsiWUpaQnhXqSbYPKPYjzf9mHipx8WMfG,http://os.rkbexplorer.com/models/void.ttl
QmXuxy5WbDN7FteECAjHh1p1h6SThy5GswjXT5p5r4xhip,http://kaunas.rkbexplorer.com/models/void.ttl
QmYVCPUuWxfNFoFMXG4NeUGNQNTqudMYku3sNLAqgrMQVR,https://commondatastorage.googleapis.com/ckannet-storage/2012-01-03T123420/TCGA.rdf
Qmd5maiA34F4ujQP31RwrPA6Y5MTxWMutqMu7DagdEsoG8,http://nl.dbpedia.org/resource/Amsterdam
QmViwhLBm8meKbenp5T7C5mFWy3batL1KgPDk2u8qUdmPX,http://institutions.publicdata.eu/all.ttl
QmYcT5PdPVvu26kwd6aova2pFP3hcBsL7LStCJqwh6WDtZ,http://www.fao.org/countryprofiles/webservices.asp
QmNpVpkJMMKoJxT925zDFqo2zKr4RjEpWq2UZF9nEqX5yb,http://rod.eionet.europa.eu/instruments.rdf
QmehSJfTmMDoBYSYndMMdXQNeDi2fZvG7y4af1ZpyxBxC4,http://www.reegle.info/downloads/latest_reegle_dump.nt
QmXTmGjkei19mbhkXLHHFAQqgAqhSPvVv4gHXFBzVTTxko,http://xmlns.com/foaf/0.1/
QmYW3Kc8bJGixaipTMaXFbw1wgCwCazSCNgn21xGx95boS,http://www.languagelibrary.eu/owl/geodomainWN/eng/schema/wordsenseandwords
QmXy5d4P8fLPXxiKT66BrsA2hkUL9RLH2b4Hc1m4wwy72r,http://didactalia.net/voidDidactaliaGNOSS.n3
QmXDNkJ6jFjEMiP7aMwszHX865uwqaBGhornUigpriYhU6,http://kaiko.getalp.org/dbnary/fra/dictionnaire
QmeYkbucFrvart5NAuifTqXowSquUPstTVQhsCxNmVYfFK,http://cdrewu.eagle-i.net/sparqler/sparql?view=published-resources&format=text/turtle&query=PREFIX+rdfs%3A+%3Chttp%3A%2F%2Fwww.w3.org%2F2000%2F01%2Frdf-schema%23%3E+PREFIX+%3A+%3Chttp%3A%2F%2Feagle-i.org%2Font%2Frepo%2F1.0%2F%3E+construct+%7B%3Fs+%3Fp+%3Fo+.+%3Fp+rdfs%3Alabel+%3Fp_label+.+%3Fo+rdfs%3Alabel+%3Fo_label%7D+where+%7Bgraph+%3ANG_Published%7B%3Fs+%3Fp+%3Fo%7D+.+optional%7B%3Fp+rdfs%3Alabel+%3Fp_label+%7D+.+optional%7B+%3Fo+rdfs%3Alabel+%3Fo_label%7D%7D+
QmcNenJWwvVLwmJT5k387FZcBDf7NQJgQvgnBUnJmAhjaZ,http://data.europeana.eu/download/1.1/datasets/nt/09405e_Ag_UK_ELocal_TWAM-CS.nt.bz2
QmTpeUDbZvfBHuuzSkvvu5uGh6enQHSpEMusBPCzjBgJMo,http://prtr.ec.europa.eu/rdf/ExternalLinks.rdf
QmREamn6v2rdDzGjmxzReC9yhY58idYRztyzbf2jB3RB6h,http://data.europeana.eu/void.ttl
QmZFtMNEq1Xx5Dc5SNDtWGfwH8pLRqGSQ2vYgrHC3FBt4E,http://ineverycrea.net/voidIneveryCREAArg.n3
QmVYaGygeFJXQDLp4XnBfRPfWvgbXicnG75GC2KJty25qo,http://downloads.dbpedia.org/3.6/dbpedia_3.6.owl.bz2
QmXPFMraJ8PoVnnBK6MG7QWoyVBAndqf21ZvoT1tJ1cmzt,http://core-project.kmi.open.ac.uk/files/download_20120123.rdf
QmPgcPs6sxrKuRiPE4hZgu3Qg81dR2enrgMgNqrCSHd79U,http://howard.eagle-i.net/sparqler/sparql?view=published-resources&format=text/turtle&query=PREFIX+rdfs%3A+%3Chttp%3A%2F%2Fwww.w3.org%2F2000%2F01%2Frdf-schema%23%3E+PREFIX+%3A+%3Chttp%3A%2F%2Feagle-i.org%2Font%2Frepo%2F1.0%2F%3E+construct+%7B%3Fs+%3Fp+%3Fo+.+%3Fp+rdfs%3Alabel+%3Fp_label+.+%3Fo+rdfs%3Alabel+%3Fo_label%7D+where+%7Bgraph+%3ANG_Published%7B%3Fs+%3Fp+%3Fo%7D+.+optional%7B%3Fp+rdfs%3Alabel+%3Fp_label+%7D+.+optional%7B+%3Fo+rdfs%3Alabel+%3Fo_label%7D%7D+
QmdZ9jqAY3JDx8m1JyaCN2renzQzHkNedcdkTfqKyWbWhq,http://lod.hebis.de/lod/hebis-13050074-21257739.rdf.gz
QmRyD2U7zMtktedWuZz1G8wdMQhPnBkARipmreCZZVhTz7,http://sites.wiwiss.fu-berlin.de/suhl/bizer/d2r-server/config.rdf
QmXUoWEv83Gd1AXjk51ZNxDFHg627nbdzpQxuJBKE6rTwn,http://pisa.rkbexplorer.com/models/void.ttl
QmXDKzHEJAmD6q6uzHS5nugQrKxwBs4K85iVShgqAsCZwp,http://purl.org/twc/vocab/vsr/graffle
QmaYtTLjGMTz1i4ay5npu5p6kNovECrAWRcnDGHXYiaM2M,http://purl.org/linked-data/cube
QmbdBuYDJtBCfnM6frufqSsZov6x7KnNnvepW6FoWQDF11,https://commondatastorage.googleapis.com/ckannet-storage/2012-04-02T142918/weill-rdf-dump.rdf
QmYoU5bZX3Mzo4aEZsJbGaWDdHbs5153HwbgEa3ZSG5xRW,https://commondatastorage.googleapis.com/ckannet-storage/2012-09-02T184411/gemet-annotated.rdf
QmRWZBDLkHpHxkx5YBspf9iTdsFzjZw6MF9m2dDJqRSqzh,http://purl.org/ASN/schema/core/
QmYJYZTEPazRMh5Wb9E4iV2zt5T6Lyhec1jMFGrNfPZYPT,http://source.data.gov.uk/data/business/bis-research-explorer/2010-03-04/business.data.gov.uk.nt
QmanmJSAAZjPJWX2XZFT3Qdv2MaXT8yk5BUHdh8s95LTJG,http://purl.org/theatre
QmYX7qAiJrm16HPovqSCcyAyrV4ZjhEAEZB8onFFwcNQ6F,http://rdfs.org/sioc/ns
QmfYSTooVSzgYyc2ULhDFUTcVwQ5whYL5FbNKUUaxYiy1C,http://doc.metalex.eu/static/void.ttl
QmZrroAbygU2gQNheyUpDu7Jg9rmEQ8JLcmjbHp1yHkcVk,http://data.totl.net/tictactoe/
QmUY9csvggRxoXTpMULNARokoTRvr1cM3T6Tm99JN9JfhN,http://lastfm.rdfize.com/meta.n3
QmVWZb3wcG95ZsmDsKHFyYeoFgtbbDc7aj22jjofMje4RU,http://data.europeana.eu/download/1.1/datasets/nt/09421a_Ag_BE_Elocal_Bokrijk.nt.bz2
QmeWwigg2EgigRAUVPf1yw7eHajKuwrJSrcWtHNtJzG2P7,http://data.europeana.eu/download/1.1/datasets/nt/09405j_Ag_UK_ELocal_TWAM-GF.nt.bz2
QmYdHkfsSok2caoqhTPdxiEKfa8br1NJfvYGH37f5QyrYo,http://oai.rkbexplorer.com/models/dump.tgz
QmVLn4qkonaxyY4nBJ5B2bp7gy9taEWBFTQnfmNk6wbzRc,http://vocab.nerc.ac.uk/scheme/
QmSsbDUqr2v12PXBcrGAyGCAi21ZaEC1cjXNFzBVW4D7MY,http://provenanceweb.org/source/provenanceweb/file/cr-full-dump/version/latest/conversion/provenanceweb-org.nt.gz
QmbjuaPXiGNF8NfknzTd1gxpzUTwGkezrXobtwDjJf9hwv,http://www.cs.vu.nl/STITCH/rameau/dump/MACSMapping-Rameau_LCSH.skos.gz
QmTkc1ntwGAsSLNcKPE5nXGSA29j9cQXhK5fVTqbUui37i,http://lov.okfn.org/dataset/lov/lov.rdf
QmZjT2ebTdy9F7QkJq25V6NuJNBMQYzmApSSvYS3WUtQRU,http://programme.ecs.soton.ac.uk/glastonbury/2011/homepages.rdf
QmRwXx4P1agG1cRBi7mYFRK2t2tDdwJ3mfUMWCQ54ioxa2,http://lod.b3kat.de/download/lod.b3kat.de.part3.ttl.gz
QmVkmnc3onANFaZV8zR9noaU7RmyYPGHneUzD9kUCZAwzq,http://www.w3.org/2003/g/data-view
QmWd8r2EWYiW9wVHscKbGydb7yXzimJAUCYiPeKJxDYw14,http://chroniclingamerica.loc.gov/newspapers.rdf
QmVgZdfw92i937yet61e4dWwKVkXyMfjrErpX6gKC4tSLv,http://disi.unitn.it/~knowdive/dataset/delicious/tags2con_dataset.rdf
Qmc12LrbUifW7U3PyFpQ55TDxGXgfkEPRYhexMA6E24iQR,http://www.w3.org/1999/02/22-rdf-syntax-ns
QmQNyR5BoQWZxzg55JT2rcx2oB7XFWw6rS9TnPoWygmJz7,http://lod.hebis.de/lod/void.ttl
QmTVNPhoWNBQYuBM6CFVsuSqSxRA5jsDzmMPeQEYRBnkok,http://institutions.publicdata.eu/
QmR4vVQ66rCzG81pvftDWiWKRirB7UuK5BJJ2WTEQjbQdP,http://museos.gnoss.com/voidArtroscopyGNOSS.n3
QmdLmTzfZR1tvWuPYtiKWWXSkTGmge2JMUhWEHLbiAMpJd,http://eunis.eea.europa.eu/rdf/taxonomies.rdf.gz
QmVfGu2gsoD27aqikTgo84bw2gfYnYoeDwqZdfaL3e1tbV,http://resource.geolba.ac.at/PoolParty/OpenConfigPathResourceProvider/backuproot?fileName=d13bb3e7-df48-4cba-bd0c-e63c8943d9e0/pp_project_lithotektonische_einheiten.rdf&contentType=application/rdf%2Bxml
QmTL382QKgySVfuRw53LTuZsxbFWhecyq6MJztwadTtqya,http://zbw.eu/labs
Qme4nS2Zq7XMJEsMtuUEU2V6XLRJW3ZkUSw8j6NKQkmjw8,http://budapest.rkbexplorer.com/models/void.ttl
QmVkt4EPPh78boEszRYcuiGyCndbJER5At82qYdSmDd2RS,http://ieee.rkbexplorer.com/models/void.ttl
QmULUr2CuHGjbVHTZMWem1stFKB8NkNnKjZiv8nbbnHN61,http://population.psi.enakting.org/id/void
QmSNSCauRaEJvbL9a9Affs7yysr1aVdaSqz6Abaj9cYZpW,http://co2emission.psi.enakting.org/id/void
QmUE4XxyEGMGoqoMen3woKgcpnf5CpJoDQSqj4fQCYbhZ3,http://data.europeana.eu/download/1.1/datasets/nt/91611_Ag_SE_SwedishNationalHeritage_fornvannen.nt.bz2
QmUv8B9BKpcodorKRrtH2dUXR4Mrx1fHVFkgfANaeBG1EG,http://psm.eagle-i.net/sparqler/sparql?view=published-resources&format=text/turtle&query=PREFIX+rdfs%3A+%3Chttp%3A%2F%2Fwww.w3.org%2F2000%2F01%2Frdf-schema%23%3E+PREFIX+%3A+%3Chttp%3A%2F%2Feagle-i.org%2Font%2Frepo%2F1.0%2F%3E+construct+%7B%3Fs+%3Fp+%3Fo+.+%3Fp+rdfs%3Alabel+%3Fp_label+.+%3Fo+rdfs%3Alabel+%3Fo_label%7D+where+%7Bgraph+%3ANG_Published%7B%3Fs+%3Fp+%3Fo%7D+.+optional%7B%3Fp+rdfs%3Alabel+%3Fp_label+%7D+.+optional%7B+%3Fo+rdfs%3Alabel+%3Fo_label%7D%7D+
Qmbfnzt4LbKFZC8QycAvxvRxXzmnvx21N37HHBwdFKTUyz,http://purl.oclc.org/NET/EARThVOID
QmUh2fANUPc9a1RYymcdUgscAuKdaJbxdfFXMgQahJ4wqv,http://fr.dbpedia.org/resource/Paris
Qmb7Fq1pKr23vMvgaEJTS1WETWvxM94zNhtcLDEGV47zVm,http://institutions.publicdata.eu/.well-known/void
QmQFuNfGEQ3dnqmoueT1B929XUvJNZRD6hQCEnFK6mYnhA,http://telegraphis.net/data/currencies/currencies.rdf
QmXsSWzvXKDaDupBoCC9dA44NLLefKLBs4qG45g4pyit4d,http://www.w3.org/ns/ma-ont#
QmaaPV1TyK8oyv9gw5pCpURkWfjLJy4VCwneLxAqrF2pBE,http://www.w3.org/ns/sparql-service-description
Qmdjg8ZdN9ChD8q3iYKsqkBL5dZo8B2HDRwR8wLt1HuN48,http://linkedevents.org/ontology/2010-10-07/rdfxml/
QmasasWYFBdPsU43sUi9nsVeKR4uLb51XtuLujkQgG5jbP,http://datos.bne.es/datadumps/bib121211.nt.bz2
QmW7ooJAp4mAFBfFqi1WpMLXvYvA3kcETtiTCYySbpEVWj,http://opendap.tw.rpi.edu/source/us/file/cr-full-dump/version/latest/conversion/opendap-tw-rpi-edu.nt.gz
QmNuHWA22DbASFvttvwaHBBq9cTaayQHBi9KoPhAgY3UXy,http://worldbank.270a.info/.well-known/void
QmUiNs1t9R6JUeT11xe5CptbYuXiXFhHd1p1SQKxiJbYPM,https://ckannet-storage.commondatastorage.googleapis.com/2013-01-31T105843/2011-q1.rdf
QmSHLNsgeCq9jncxbXMa4T1X6SvbRPzDyuspxhvQyKpbBB,http://lod.b3kat.de/download/lod.b3kat.de.part1.ttl.gz
QmRv85BkihDiHi6mCLnxyETbx45EiEquoidzKDTwQdVFJ6,http://purl.org/weso/static/nomenclator/datasets/entities-places.ttl
Qmf18ZyHMv2aYjX6XaJoh89VH6WVu24D34qi6SATnHiYru,http://sw.opencyc.org/downloads/opencyc_owl_downloads/opencyc-latest.owl.gz
QmQJmM5KZjft6jgJHo1KHmJQCA6VANez3J3q2sD2emBtBi,http://www.reegle.info/schema.rdf
QmPADzp6C8vCuuCWhvA1Q51x6wsLwyV6aUsrMBdjxbYvrX,http://lab.environment.data.gov.au/def/acorn/sat.rdf
Qma3JCnwwHwsjqhXus1cWDdXrEwYoUvfHHmzwJ6vWgoecE,http://prtr.ec.europa.eu/rdf/void.rdf
QmdEJQrqARzXT9yrg4dVxHnwTrQMFHu6aTMpxtuzZos9EZ,http://rae2001.rkbexplorer.com/models/void.ttl
QmUcFmMtze7WM6jSDUkbJhp7X9nhZgKsh1NmZVNvM4p1MQ,http://iserve.kmi.open.ac.uk/ns/msm
QmRFeD6AtNY1w9V64aytANd7Lq1H7TR7Se6bNg6Dq1YtmF,http://opendata.euskadi.net/contenidos/ds_recursos_turisticos/restaurantes_sidrerias_bodegas/opendata/r01DataSet.rdf
QmPtBXCgSosPCnHwgmvwm9vx8FMCrVEY8xfCTXL64vkKWT,http://ohsu.eagle-i.net/sparqler/sparql?view=published-resources&format=text/turtle&query=PREFIX+rdfs%3A+%3Chttp%3A%2F%2Fwww.w3.org%2F2000%2F01%2Frdf-schema%23%3E+PREFIX+%3A+%3Chttp%3A%2F%2Feagle-i.org%2Font%2Frepo%2F1.0%2F%3E+construct+%7B%3Fs+%3Fp+%3Fo+.+%3Fp+rdfs%3Alabel+%3Fp_label+.+%3Fo+rdfs%3Alabel+%3Fo_label%7D+where+%7Bgraph+%3ANG_Published%7B%3Fs+%3Fp+%3Fo%7D+.+optional%7B%3Fp+rdfs%3Alabel+%3Fp_label+%7D+.+optional%7B+%3Fo+rdfs%3Alabel+%3Fo_label%7D%7D+
QmXT7crSwYquhmGLnNXFCmawQ2zt3pU9U1Dn659eppxZFz,http://rod.eionet.europa.eu/void.rdf
QmXWzwcMv8auw9BqfzXdyDPKeaEuYmMqqbZp5XMpebstjn,http://purl.org/twc/vocab/between-the-edges/
Qmbecdu5NKEKm3QGbm8Ra48xj8a3mq6CWFW9d2vEm8URzg,http://data.nobelprize.org/dump.nt
QmcsCznhGosczHpZdP7sySwNX8gDCWRZfF9SHMPFYQBxZs,http://data.lenka.no/
QmYKGQNkB3CXihdvxSgZbUMQyywKmcEdTbfdZwRhLcmkgt,http://red.gnoss.com/voidOpenDataRISP.n3
QmP24LVJtN26Dh2ATq7GgEZemdtcjsmqXK8JnfWeS23sRe,http://ja.dbpedia.org/void.ttl
QmZiQespQKhKDBN23iK3bTqL5ceWY4o5JoimTg148x4EFu,https://ckannet-storage.commondatastorage.googleapis.com/2013-01-31T105525/2011-q2.rdf
QmSnPRtaKJbwhMKgqMmTSkGaX8oiJS1EguL4r5PXVzSehj,http://notube.rkbexplorer.com/models/void.ttl
QmcE8kCeHCpLjLywvZPncq1XNX8W3LXs6R26Aert2iAjd7,http://darmstadt.rkbexplorer.com/models/void.ttl
QmVAy6vsrsQxRZVkqg1c4b9ZUp9N8G7bayPKi5Brq2Jccm,http://healthdata.tw.rpi.edu/void
QmfZRxHoqAhYLWBXWRzkDtu94UePL7cddKWUAfcRRGugsa,https://ckannet-storage.commondatastorage.googleapis.com/2013-01-31T104845/2011-q3.rdf
Qmc1zuywYAaBbPtwvhHHALfwnPaZDCRzoiyPsNYmK2nuTp,http://photos.rkbexplorer.com/models/void.ttl
QmSkZZR4zu1LDK1x4Z6FyGsmGAjFcidnXa4GBcpy1xrMUP,http://foreign.rkbexplorer.com/crs/
QmXtB6KVEv6F1mFUDweQfQwQJ3652ozBv3w9fqB93DQGrt,http://datos.bne.es/datadumps/links-others.nt.bz2
QmYyTLagA3djWChRQv83WaBLqqrSngZWyMZp588xwF5NBP,http://www.lexinfo.net/ontology/2.0/lexinfo.rdf
QmPopmJ2deKh2DMHUebTu6VJwoX7TtevgjtamsLGcYakjt,http://www.iupac.org/
QmPRSH2VWey2S9yYvL35tQ5782v915wo8tDN8MkAPPSq5a,http://www.holygoat.co.uk/owl/redwood/0.1/tags/
QmP1H1YCbB4t17GDBby8nQPqJfoFuHnXia22EGpTi9EWvB,http://ec.europa.eu/eurostat/ramon/rdfdata/estat-legis.rdf
QmYwbn66BuwQg5UjVHLyrzhkiovUjayLE5oZdT36v9UCew,http://opendata.euskadi.net/contenidos/ds_localizaciones/farmacias_de_euskadi/opendata/r01DataSet.rdf
QmbTufDUtrHo6fkxzjBCGrSLFwNfAAFpS4EWZpfZjTxgN4,http://www.fao.org/countryprofiles/geoinfo/geopolitical/data
QmcBN421VV2THR19igBNpqWuwbXcZ1QCLj3Ggyo7b8jeNe,http://www.purl.org/asit/RDF
QmVKybpJSSZ7hhUc15nRjdsGGDhaszNWiWoSevB7TXTa56,http://data.nytimes.com/descriptors.rdf
QmdPh4fhM1Bf8JaNWnSWk2nNr1gMAcHSEAfqhU2u476h7P,http://deepblue.rkbexplorer.com/models/void.ttl
QmYfEQMZetZcNkvzte2Y9E2iAUwcfEFiJ1avQoRw9NJgD5,http://rdf.ecs.soton.ac.uk/ontology/ecs
QmSSQEytsvQfNTmzQbLYmn52Aijto4vTrJXaTjKJvG2BsF,http://ineverycrea.net/voidIneveryCREAGNOSS.n3
QmWTsjXrqQifW6ug5Bo8UPNtVkmuLLQLLBWNkrsQAppRtR,http://glottolog.org/static/download/glottolog-source.n3.gz
QmWBYb4gFMMU5CuPyuKskqZtfGpSxH1sNptpu8g51RUsg9,http://red.gnoss.com/voidDeustoTechGNOSS.n3
QmeH3QEqsmUEg5BCcxqNLZu1gygYdE3tLB6AKLkM9QSfo5,http://data.totl.net/tarot-rwcs/
QmRZLR7GoE7ecNBWewT2QBgzmf9GP1iMqqmX6AU1ANMx3W,http://www.languagelibrary.eu/owl/geodomainWN/ita/geonames-synset
QmRU1FELB8Smh845ggsm5nJgKpLchWBQg6mny3TfbagaRr,http://www.icane.es/metadata/
QmTo9AhvWcEtMWnesnZLuwJGN1LvBavu1KJBpRJVbPZSi3,http://www.w3.org/ns/dcat
QmctGBhktjfyhzrTEF4N2nq7uQRqUDAmveFvPdK4L6xkZi,http://mapasinteractivos.didactalia.net/voidMapasInteractivosGNOSS.n3
QmUbYFA6HzyuwnWJaRRSJujjgLghzo4BbFJeKyoxSCssL5,http://www.languagelibrary.eu/owl/geodomainWN/eng/lemon/geodomainWNeng-lemon
QmZ4wW9JqiriSkPmriuv9avRqtqH5FguSsJxWiD9DrLCka,https://eagle-i.ea.vanderbilt.edu/sparqler/sparql?view=published-resources&format=text/turtle&query=PREFIX+rdfs%3A+%3Chttp%3A%2F%2Fwww.w3.org%2F2000%2F01%2Frdf-schema%23%3E+PREFIX+%3A+%3Chttp%3A%2F%2Feagle-i.org%2Font%2Frepo%2F1.0%2F%3E+construct+%7B%3Fs+%3Fp+%3Fo+.+%3Fp+rdfs%3Alabel+%3Fp_label+.+%3Fo+rdfs%3Alabel+%3Fo_label%7D+where+%7Bgraph+%3ANG_Published%7B%3Fs+%3Fp+%3Fo%7D+.+optional%7B%3Fp+rdfs%3Alabel+%3Fp_label+%7D+.+optional%7B+%3Fo+rdfs%3Alabel+%3Fo_label%7D%7D+
QmQsQoM6X1MWvB7LqQY2jRtStcdnH4gJeWN9oUHXu4pw56,http://data.europeana.eu/download/1.1/datasets/nt/92040_Ag_EU_TEL_a0155_Serbia.nt.bz2
QmZvydDyVSUPXZ4DMyM5Jj92UPmHuY5Wy7DLUNqhmV2Shs,http://spatial.ucd.ie/osn/skos/osm_semantic_network_mappings.rdf
QmTunDk32Bv6YPrKYjbqypBXxhnEywLtMPzyzyTeCqsVP4,http://glottolog.org/static/download/glottolog-language.n3.gz
QmdkCiFQ5YA7mMdAyEvAZX9mbm32idEkKF4xrarGk9TY6p,http://cb.semsol.org/sparql?query=dump
QmcnPVscubhUz88BYDRPm57K8K6BcprFiS6rMDhe1rT4gp,http://www.ontologydesignpatterns.org/ont/web/irw.owl
QmeMomWBRxqx8fPMqvyPpoWmbf7DACUsLdtU8LvCF8qAG7,http://hunter-cuny.eagle-i.net/sparqler/sparql?view=published-resources&format=text/turtle&query=PREFIX+rdfs%3A+%3Chttp%3A%2F%2Fwww.w3.org%2F2000%2F01%2Frdf-schema%23%3E+PREFIX+%3A+%3Chttp%3A%2F%2Feagle-i.org%2Font%2Frepo%2F1.0%2F%3E+construct+%7B%3Fs+%3Fp+%3Fo+.+%3Fp+rdfs%3Alabel+%3Fp_label+.+%3Fo+rdfs%3Alabel+%3Fo_label%7D+where+%7Bgraph+%3ANG_Published%7B%3Fs+%3Fp+%3Fo%7D+.+optional%7B%3Fp+rdfs%3Alabel+%3Fp_label+%7D+.+optional%7B+%3Fo+rdfs%3Alabel+%3Fo_label%7D%7D+
Qmb5yj4ZY1tAsM8FtSmP6tSvnFZ5HRXd29bsmr5DH9JWE8,http://epsrc.rkbexplorer.com/models/void.ttl
QmUTFzn97YQA1XkWBFxkv2wjrnxVCtFsNHjg3v68XhipJP,http://opendata.euskadi.net/contenidos/ds_recursos_turisticos/recursos_ocio_euskadi/opendata/r01DataSet.rdf
QmaRq4wmRf58Zb3zhhijQBRPbYHByKs6NfgAj1D8uuqXr9,http://italy.rkbexplorer.com/models/void.ttl
QmUPJPrQxnifbFnqwdXRG6waxk9jKGmi9YnN2SLWTahQc3,http://data.colinda.org/rdf-dump/COLINDA.rdf
QmU43aCKUaySt2B2wUTZBca21NHRjRtGWFtU5vthcEJKP1,http://ecb.270a.info/.well-known/void
QmRAuJU65RFteHdf4JkCseFncxoxWDQoGwQj3GBDPotznd,http://dbpedia.org/resource/Berlin
QmcDYUPPjZn2cRWoJxW2sswSAXer7AZkZyTbDVtKdS5zmd,https://ckannet-storage.commondatastorage.googleapis.com/2013-01-30T151730/2012-q3.rdf
QmRGr174VR76Y5sifoUnvFVbb3J3soZkhhvbJ83M1sqEPv,http://www.legislation.gov.uk/ukpga/1985/67/section/6/data.rdf
QmVaYo5rNhsZuty2AqauU8E9eg9eyWFo9qZzTvniHZTCsU,http://rod.eionet.europa.eu/spatial
QmPKEQdP9ZDzrRmsLVywkAR4cew2EePAg82g9WDYBDtxxZ,http://rdfs.org/ns/void
QmaaUyXCDU3eufPwnq9vGa636uMWBWrdMXaYxPDMup8fon,http://www.lexvo.org/linkeddata/void.rdf
QmU7YYfJT41UoXHbqKCQYkqZckDNPeQxn8EFeyhsJPhzV6,http://www.icane.es/data/api/regional-data/economy/labour-market/active-population-economic-sector-nace09.rdf
QmeezSdCvfpKicQaJ4Nq4ZQdPRD2gEGcZLR7FETeKP641J,http://tsu.eagle-i.net/sparqler/sparql?view=published-resources&format=text/turtle&query=PREFIX+rdfs%3A+%3Chttp%3A%2F%2Fwww.w3.org%2F2000%2F01%2Frdf-schema%23%3E+PREFIX+%3A+%3Chttp%3A%2F%2Feagle-i.org%2Font%2Frepo%2F1.0%2F%3E+construct+%7B%3Fs+%3Fp+%3Fo+.+%3Fp+rdfs%3Alabel+%3Fp_label+.+%3Fo+rdfs%3Alabel+%3Fo_label%7D+where+%7Bgraph+%3ANG_Published%7B%3Fs+%3Fp+%3Fo%7D+.+optional%7B%3Fp+rdfs%3Alabel+%3Fp_label+%7D+.+optional%7B+%3Fo+rdfs%3Alabel+%3Fo_label%7D%7D+
Qmd3QwNWujQd9n3VuLfKgcizZ2PRSEWdAwTrfsQa8kV6ct,http://data.linkedct.org/
QmREqJRSVz73159dMnDqmu57DK8KizXLbetvY6tcBKzp5C,http://data.europeana.eu/download/1.1/datasets/nt/08603_Ag_EU_EFG_FilmArchiv.nt.bz2
QmVXinE7W8zud343FMXJUqEXS43xnjirTuLHFTyHmfun9j,http://www.w3.org/2000/10/swap/pim/contact
QmX8T6BTpznuqRxxswDPECgyaLvo3XsJLjdxweKj48WcqA,http://data.totl.net/planet/
QmbFHVcSPMMEbjnf7P1711NCoP86uCgNp2WUaz5P5pWBTB,http://data.nobelprize.org
Qme2CFiAdmjBcvQraShkXAg6RUcbNr552MXK8EkYSH38Cg,http://purl.org/ontology/po
QmdWr6rjshnaupzNJ811udFkQfFDdSYtgPp8Agdmompoc7,http://foreign.rkbexplorer.com/models/void.ttl
QmSJhcCdDGwoM3s65febcyAcktfZdieiYRysaRXGKxSmtu,http://www.geonames.org/ontology/ontology_v2.1.rdf
QmcmBhQwdEWTNg4q9d8hM4XJMNz5RrZz88dA83nprpqzvs,http://montana.eagle-i.net/sparqler/sparql?view=published-resources&format=text/turtle&query=PREFIX+rdfs%3A+%3Chttp%3A%2F%2Fwww.w3.org%2F2000%2F01%2Frdf-schema%23%3E+PREFIX+%3A+%3Chttp%3A%2F%2Feagle-i.org%2Font%2Frepo%2F1.0%2F%3E+construct+%7B%3Fs+%3Fp+%3Fo+.+%3Fp+rdfs%3Alabel+%3Fp_label+.+%3Fo+rdfs%3Alabel+%3Fo_label%7D+where+%7Bgraph+%3ANG_Published%7B%3Fs+%3Fp+%3Fo%7D+.+optional%7B%3Fp+rdfs%3Alabel+%3Fp_label+%7D+.+optional%7B+%3Fo+rdfs%3Alabel+%3Fo_label%7D%7D+
QmfBMY7KF2RsdVU8wBr1XqtWaZwV2VyKs4EmZVBrgQ9ge7,http://www.lingvoj.org/lingvoj-to-lexvo.rdf
QmQhCrCqS4YiCzs4JQoyYTujGHNPzqTiouV42QuUo5XGQE,http://lod.b3kat.de/download/lod.b3kat.de.part0.ttl.gz
QmenNvNzP9x5iZfNjopLLXGTbcLnD56TvZyhCiZ8h7hqjW,http://telegraphis.net/data/void
QmZrsSSLdE4LMKBqNdys58zpfyw3GPxhmnLPEyUL22Yy9k,https://ckannet-storage.commondatastorage.googleapis.com/2012-11-12T115323/dump2010.rdf
QmdtiSmvHRDZrdAijEgB4PEt5Yv2GHZYmtUETn4NEcFmTg,http://ineverycrea.net/voidUnoi.n3
QmZ1wAVnmN1u9eniSTzMukBSDaWbsPTLDj9YAWLZ9hnykR,http://lab.environment.data.gov.au/data/acorn/climate.rdf
QmXTX7vcRCfcAKTtzdviQGx61rJwYZAZvgBBNfXKKSBgT8,http://onto.beef.org.pl/ontobeef/files/Domain.owl
QmfHEffjG7eWcxaeW7mpKuszYDeGgFsSRYaumXiAfNoutN,http://purl.org/ontology/bibo/
QmakJHWekBXSiQFhqAxJzpmDrjbt8iBZKKzn4dVNFoGeRx,http://lod.b3kat.de/download/lod.b3kat.de.part2.ttl.gz
QmStWvwiJTQTEdU1d3AEdBnQpMmAWACcaL7fBJN3unTUAx,http://www.loa-cnr.it/ontologies/DOLCE-Lite.owl
QmZSmZm2wqd3j47Eovmmep5n2hVAAxTWsekk9tyMJeFqQw,http://purl.org/twc/vocab/conversion/
QmQ5umYnwwMb24JBhXsS99ZBnry1WFWcdhK6YyBtCSDiuh,http://ner.vse.cz/datasets/linkedhypernyms/de.instances.all.nt.gz
QmRPRKpSUfdAyt6hPuKrFaXE7RbqjN1deRRVJoR6dai4D5,http://www.kanzaki.com/works/2011/stat/ra-void.ttl
QmUiAXMcknxXSEknSt1BibhkUC3c6dqWV3YUPW6AoMH4Ny,http://eurecom.rkbexplorer.com/models/void.ttl
QmZB8pHYnYJGHE1CABz5T9VvSMCDVeTbyoVwiPNZBYUS4n,http://www.crossref.org/titleList/
QmZYJscH529TaxYCXvwXkpZHXwneMmBtoSLVrWSHCmgyww,http://helheim.deusto.es/hedatuz/dump.rdf
QmSvUdwgEB14VBi9Unw9KEyNpi26ufb6LJa8AuhQj6Kuw6,http://data.europeana.eu/download/1.1/datasets/nt/92038_Ag_EU_TEL_a0327_Luxemburg.nt.bz2
QmcYZ332nbaWgBiX1SHUW4xnekYhjd6KbSYQNFLLY4TwPq,https://ckannet-storage.commondatastorage.googleapis.com/2013-01-31T104422/2011-q4.rdf
QmQ3V7ic4PxL3m1H8demp8PNML3EssfpMcmtD5CCUf5cxC,http://environment.data.gov.uk/sources/def/bathing-water-quality.ttl
QmR718eNW9G5Ar4KWHcMfw5zk3LTh14Rkh3TK6dFDLUBmC,http://lod.hebis.de/lod/hebis-21257740-26887667.rdf.gz
QmZvhXpsaPyXeUSJ18D5qinQFhVV7S5SKZAAPgo3BPrrvg,http://www.lotico.com/resource/member_9711222
QmacVsuFSDKhYFnpq4Lj9tDqTq1xfyMo7WPWpjVZ8fM6Hv,http://transparency.270a.info/.well-known/void
QmPfcQFeEmLkEsJVsHjS7cKeNwj3dAYVUGu9La8ydnG9Pg,http://red.gnoss.com/voidMarketingGNOSS.n3
QmWV8r5xucjsqusWB7XSAWxZw17MzjVYsgut51JtRn6iMB,http://www.purl.org/ASIt/RDF/asit-schema.rdf
QmaPU357bQmfVeWhgXLBFYgPmH92DdJxgytsZg4xumbE1G,http://purl.org/twc/vocab/vsr#
QmQ882GsJzSFFvtaS8svvHdWYqnkAH1niQojbTfCeowQk3,http://meharry.eagle-i.net/sparqler/sparql?view=published-resources&format=text/turtle&query=PREFIX+rdfs%3A+%3Chttp%3A%2F%2Fwww.w3.org%2F2000%2F01%2Frdf-schema%23%3E+PREFIX+%3A+%3Chttp%3A%2F%2Feagle-i.org%2Font%2Frepo%2F1.0%2F%3E+construct+%7B%3Fs+%3Fp+%3Fo+.+%3Fp+rdfs%3Alabel+%3Fp_label+.+%3Fo+rdfs%3Alabel+%3Fo_label%7D+where+%7Bgraph+%3ANG_Published%7B%3Fs+%3Fp+%3Fo%7D+.+optional%7B%3Fp+rdfs%3Alabel+%3Fp_label+%7D+.+optional%7B+%3Fo+rdfs%3Alabel+%3Fo_label%7D%7D+
QmXddNcoc59b31MjDU6v7yRQMA4trMTDrwrk2cgVBEM8nE,http://www.icane.es/opendata/vocab
QmRyvYKvkratETNtSZY6naXhxzPgNHcEUeRRccod5L6PX7,http://wordnet.rkbexplorer.com/models/void.ttl
QmScbDH4No8zLmC9fyJ2rpqW7UVZhUiq9nav6yZjBBAZgp,http://geo.linkeddata.es/source/rdf/NOMGEO/NOMGEO_provincias.rdf
QmNVBEhgw9soeAXPK6BsRdx512j8oMBNAAuZHv7vcCDFi3,http://roma.rkbexplorer.com/models/void.ttl
QmXjgsJLprfp7rEBD2d1SbR26Y5H9qZD4AX4sVMoYyZAxo,http://ineverycrea.net/voidArteNuevosMediosGNOSS.n3
QmTYk3fVWS1P5RA3ogcvkeXtDV942P2GpzypXe4dB4aaEm,http://zbw.eu/stw/void.ttl
Qmeo468egf4tPLwJqvuaYQ2GbYKCxqYbaNyjnrjtt5Sr2Y,http://dartmouth.eagle-i.net/sparqler/sparql?view=published-resources&format=text/turtle&query=PREFIX+rdfs%3A+%3Chttp%3A%2F%2Fwww.w3.org%2F2000%2F01%2Frdf-schema%23%3E+PREFIX+%3A+%3Chttp%3A%2F%2Feagle-i.org%2Font%2Frepo%2F1.0%2F%3E+construct+%7B%3Fs+%3Fp+%3Fo+.+%3Fp+rdfs%3Alabel+%3Fp_label+.+%3Fo+rdfs%3Alabel+%3Fo_label%7D+where+%7Bgraph+%3ANG_Published%7B%3Fs+%3Fp+%3Fo%7D+.+optional%7B%3Fp+rdfs%3Alabel+%3Fp_label+%7D+.+optional%7B+%3Fo+rdfs%3Alabel+%3Fo_label%7D%7D+
QmdTyifX3EjfopjBLuW7WrSSGvxV7i6GopKbkUj5YjhPEL,http://vivo.cornell.edu/individual/DonnaStevens/DonnaStevens.rdf
QmYBLNDKX6SWrY6KNhfaG5ifkpTo2KABbEZUvnQTWJ9kYw,http://www.w3.org/2000/10/swap/pim/contact#
QmctRZPQK8K3UtdxiEKwvmk7fC8R1RSmrqUUw7pQd9fw4L,http://thedatahub.org/dataset/vivo-ponce/resource/7c353a8e-92f4-4aa5-8af5-53857d6c483c
QmQ9ehJK6V5TGW3tFKchqov4EpxLyv84ifDUxGDJMhC8KY,http://telegraphis.net/data/continents/continents.rdf
QmVBnZEz8G38rp9Ri6SVPfu72WzKgDwjZMqzn9yztUsBsU,http://cau.eagle-i.net/sparqler/sparql?view=published-resources&format=text/turtle&query=PREFIX+rdfs%3A+%3Chttp%3A%2F%2Fwww.w3.org%2F2000%2F01%2Frdf-schema%23%3E+PREFIX+%3A+%3Chttp%3A%2F%2Feagle-i.org%2Font%2Frepo%2F1.0%2F%3E+construct+%7B%3Fs+%3Fp+%3Fo+.+%3Fp+rdfs%3Alabel+%3Fp_label+.+%3Fo+rdfs%3Alabel+%3Fo_label%7D+where+%7Bgraph+%3ANG_Published%7B%3Fs+%3Fp+%3Fo%7D+.+optional%7B%3Fp+rdfs%3Alabel+%3Fp_label+%7D+.+optional%7B+%3Fo+rdfs%3Alabel+%3Fo_label%7D%7D+
Qmdbbssf7msz1tkPHckJPyuBwEgSaaxiqtiEh8iXN7c27m,https://ckannet-storage.commondatastorage.googleapis.com/2013-01-30T131017/2012-q4.rdf
QmX3PwXZPJKknBqxmHK4Re69pKkpXYwqdux3ubohw9Tp1D,http://programme.ecs.soton.ac.uk/glastonbury/2011/glastonbury2011.rdf
QmWj4QTsGYXRTX43dx2RSqg4CSUApoc3KswNkn9FgUrwAu,http://greek-lod.auth.gr/Police/void.ttl
QmRZcxm2TBEYTr5XtsYF455eCHpCGqt6BeApfRvrjxs8py,http://psi.oasis-open.org/iso/639/639-core.rdf
QmVo9HbR2W5pvKwyzDW9wmSQ3uaBbiWr9t83n61xTZEs3U,http://red.gnoss.com/voidCITA.n3
QmUzz1Z8nRvSfoZBntrHu4XihYEMSHWnV4h9tNo5RpCN5y,http://www.w3.org/ns/prov#
QmaLER68AbmbPnLNPjUDwyntWiTWPKgdUKy2cUCf2Fxpod,http://purl.org/NET/c4dm/event.owl
QmfJp1FPCMpsKGsuctmPBLbg3jek8dqCKnHNeTznYoeRrC,http://mlode.nlp2rdf.org/datasets/ids.nt.gz
QmYiW58HLAaYcXz7z6JsaRdt7uLE7Buhu3RQBLUmAfiQaV,http://purl.org/twc/vocab/vsr
QmQrjBpzMPLDo8o6cjkpzZSAra3oVNfujwC9osNGqkBody,http://locv.tw.rpi.edu/void.ttl
QmScZ3nsKvCpwiQDcDULgKYqoVEaZ43YsCXfrmD1zCJmq9,http://rdfs.org/ns/void#
QmWR7JcUQ6WQsesWD9MvEnn2fQcYweFRpTf338pAZ2ThdM,http://purl.org/vocab/vann/
QmNuJDKL5WBEEy1NBxQqTLWXysDQ21TFHb8iaHN1yNV91o,http://www.w3.org/2000/01/rdf-schema
QmTdVbFgXXi7KuEab8ztELU6uFAM2saVFE53Ai4ybNizxw,http://data.europeana.eu/download/1.1/datasets/nt/09405p_Ag_UK_ELocal_TyneWearImagine.nt.bz2
QmTcr2zpHifem6XxuahFHP9jeyCuA8NhcHZFAg5pRNQ7DZ,http://datos.bne.es/datadumps/links-viaf.nt.bz2
Qmf2NynQf3Fqjgp1ueKv28n5uZ8qNkvirqDon2mChXXwbY,http://nsf.rkbexplorer.com/models/void.ttl
QmYWXP5eoBfbAQLAQwfrT925URTwNFsZXDgUYGpSB2Sw2g,http://semanticweb.org/RDF/alldata.xml
QmTXTiXJD9VnpE9PFaRCT5XagokAx5gf5GM9Jo38GJNQJg,http://telegraphis.net/data/capitals/capitals.rdf
QmUetZhSCND54EuGizjsRVcKe6o4WNHAVzZfwrTJkxjRsN,http://cordis.rkbexplorer.com/models/void.ttl
QmeEao57zUUQwkwzMDMpeaf7SZ6Fbd97DYuNURFgb9i3mZ,http://red.gnoss.com/voidNextWebGNOSS.n3
QmZhUfE1qg9KXnN38Zqr32rkJNZdLEoNMLBZcefvEdjXwC,http://xula.eagle-i.net/sparqler/sparql?view=published-resources&format=text/turtle&query=PREFIX+rdfs%3A+%3Chttp%3A%2F%2Fwww.w3.org%2F2000%2F01%2Frdf-schema%23%3E+PREFIX+%3A+%3Chttp%3A%2F%2Feagle-i.org%2Font%2Frepo%2F1.0%2F%3E+construct+%7B%3Fs+%3Fp+%3Fo+.+%3Fp+rdfs%3Alabel+%3Fp_label+.+%3Fo+rdfs%3Alabel+%3Fo_label%7D+where+%7Bgraph+%3ANG_Published%7B%3Fs+%3Fp+%3Fo%7D+.+optional%7B%3Fp+rdfs%3Alabel+%3Fp_label+%7D+.+optional%7B+%3Fo+rdfs%3Alabel+%3Fo_label%7D%7D+
Qmd8EZmWmRtXvtmjz2AgkKw9KYQwnBWKxvU3DzuVXUJTVY,http://rdf.ebi.ac.uk/dataset/atlas
QmYrM2dffEnNPKXYtywej5gqSMoQo8tsuAGYry6c6KgEg9,http://source.data.gov.uk/data/patents/bis-research-explorer/2010-03-04/patents.data.gov.uk.nt
QmPV2KbfXjgN9uDFM8sdT62AVmtPhnn9fQGGyBGKwoq5in,http://utep.eagle-i.net/sparqler/sparql?view=published-resources&format=text/turtle&query=PREFIX+rdfs%3A+%3Chttp%3A%2F%2Fwww.w3.org%2F2000%2F01%2Frdf-schema%23%3E+PREFIX+%3A+%3Chttp%3A%2F%2Feagle-i.org%2Font%2Frepo%2F1.0%2F%3E+construct+%7B%3Fs+%3Fp+%3Fo+.+%3Fp+rdfs%3Alabel+%3Fp_label+.+%3Fo+rdfs%3Alabel+%3Fo_label%7D+where+%7Bgraph+%3ANG_Published%7B%3Fs+%3Fp+%3Fo%7D+.+optional%7B%3Fp+rdfs%3Alabel+%3Fp_label+%7D+.+optional%7B+%3Fo+rdfs%3Alabel+%3Fo_label%7D%7D+
QmNtvKrazoT2fUnawt9LzirceTs4nPVLRDZcgvZkaUFPke,http://resource.geolba.ac.at/PoolParty/OpenConfigPathResourceProvider/backuproot?fileName=urn:uuid:1D87806F-E88C-0001-AFCC-DC87F6001C3A/pp_project_lithologische_einheiten.rdf&contentType=application/rdf%2Bxml
QmZwqLhgCoLGBhTemcaYpvkUBHDhTEFiVvKMSBT34yPdBF,http://prefix.cc/popular/all.file.vann
QmdYuWRktzgp87W6CzHN29w6VUMRh7FsM8ft2JF75FQFAT,http://ulm.rkbexplorer.com/models/void.ttl
QmRZ4MXvLgsANR1SiGbWXofoYy3t7EsUNQyMCJhpyusJTV,http://lexvo.org/ontology
QmSAukqNUbLECMEnd9EjrJGchmZHjypaAqpnxwoKfqJuAc,http://www.w3.org/2000/01/rdf-schema#
QmcTCwfyL8f45MWkWsqLZ1NeTmAt2RgWREHR5HaDQh9UFF,http://knoesis.wright.edu/resources/library-resources/ontologies/swetodblp/april2008/swetodblp_april_2008.rdf.gz
QmZpgdytV8kqNmxvf1ZTsM9pM3ZTNJNWmPWxiaGZLpYTd3,http://spatial.ucd.ie/osn/skos/osm_semantic_network.skos.rdf
QmV8DQNP5hJPdZCvEUZsicY8gbv3zwCYp2J9H9qW4NYQhd,http://data.europeana.eu/download/1.1/datasets/nt/91622_Ag_SE_SwedishNationalHeritage_raa_kmb.nt.bz2
QmV5L85zjZpxYgJXQTW1EHHs9eK48V1WxeTvUUWM1KHSUC,http://www.languagelibrary.eu/owl/simple/inds/SimpleEntries
QmUZygNNkJRJDqZZSPYn5WLh4xBfC26F6vGfVSjoeWw3Jc,http://msm.eagle-i.net/sparqler/sparql?view=published-resources&format=text/turtle&query=PREFIX+rdfs%3A+%3Chttp%3A%2F%2Fwww.w3.org%2F2000%2F01%2Frdf-schema%23%3E+PREFIX+%3A+%3Chttp%3A%2F%2Feagle-i.org%2Font%2Frepo%2F1.0%2F%3E+construct+%7B%3Fs+%3Fp+%3Fo+.+%3Fp+rdfs%3Alabel+%3Fp_label+.+%3Fo+rdfs%3Alabel+%3Fo_label%7D+where+%7Bgraph+%3ANG_Published%7B%3Fs+%3Fp+%3Fo%7D+.+optional%7B%3Fp+rdfs%3Alabel+%3Fp_label+%7D+.+optional%7B+%3Fo+rdfs%3Alabel+%3Fo_label%7D%7D+
QmZ5ACaws4dsJfBeTmGbqpLm63UW8EL6MN82evnQCEjXwv,http://dati.camera.it/void.ttl
QmXYBoc5Fa9MxYDLhhq1pbaYCjVniPHhAuUzjL8WogDvCe,http://reference.data.gov.uk/def/intervals
QmW3XobByJgNi2hATZUDtysE5PipY1ZtD65CNWZZahaqec,http://telegraphis.net/data/countries/countries.rdf
Qmc2MihqanUZeeaGdVepdmi1R7RKsX59JdPfaGsh29AuSr,http://www.ontosearch.com/api/ent-rdf?id=EID-3b6e3fb1eb4bef8e669277e73d2e7d56
QmQ1MtB46ukLsHshkQMo881dyd6wrfzvfKgoP4RDi7hKvc,http://data.europeana.eu/download/1.1/datasets/nt/09405g_Ag_UK_ELocal_TWAM-JL.nt.bz2
Qmb3XjwaJJ86qnUhGoA41soPuVjuNRH9VhKxwxidt7uujo,http://vivoweb.org/ontology/core
QmYbTsC6kh3Q6nYNrt55wwirhagvGPxVNHzJxtvCKmSC7R,http://purl.org/court/def/2009/coin#
Qma6jaFUsDrKKE12MJ6kt1b46T4Effi2aPiDG1e4kQ3fh2,http://eprints.ecs.soton.ac.uk/id/dump
QmfMQ5FZYr1UCZ1WAUV7m8Bnhxo78SXSSPMCWSUhvHXUbk,http://data.europeana.eu/download/1.1/datasets/nt/92003_Ag_EU_TEL_a0078_TEL_NKP_kramerius.nt.bz2
QmS97AnjACRGiFQZHBTSgVb2We7kvQ44Cp2X5n36e7Jvkz,http://inference-web.org/2.0/pml-justification.owl
QmXnLBGQAX8S6oZgPZ2uEXYMcwxR9ZTvvmRLc3k9jhVtDL,http://eurostat.linked-statistics.org/data/bs_bs14_04.rdf
QmYFPiqDsV3NujzFG5wKmpgRTFCBA2jLqzDSmYkHPYstpw,http://eurostat.linked-statistics.org/void.ttl
QmeNyhe62PqCjopmjECFTCGu5xGgyq3KKnMMmX8KBVYcqW,http://rhizomik.net/semanticxbrl/dump/semanticxbrl-schema.ttl
QmZvgWXvk9K6sphkPK8JjPKbC9bA95kQmuHSSEMaYtSjt6,http://www.ebi.ac.uk/efo
QmTKF95TSoZeEvDuLex9NrFjhikXBHEXstajRTfdYHXjmr,http://www4.wiwiss.fu-berlin.de/factbook/all
Qmf43ACXNukhzj9p5U8JtvzptozVEbRoEW3Df5fEXZBySb,http://allie.dbcls.jp/void.ttl
QmXrwfZCwcVo4kpEmSLysbNTKMVvvTKqrycDHUvkAFc46W,http://miuras.inf.um.es/lod/voidogolod.ttl
QmaX2AwxP9FMJJBoiJnun7cWiF3q8QZzxntT3GKL6WTUCt,http://vocab.nerc.ac.uk/.well-known/void
QmQaodFrd4BMJtC9auFpANwRSyrctf7B1DqBh9NCJukG2N,http://datos.bne.es/datadumps/aut091211.nt.bz2
QmSZ2iPSBis4LDdCG24mHm6fDL85s9ErmQrpDrDjPsz4oK,http://environment.data.gov.uk/data/bathing-water-quality.rdf
QmV92UqDeYTEvPcGwmRKSMngwJFFhUQ1hAnnmGXtzF4eW4,http://www.ebi.ac.uk/efo/
QmbCAXp8T44Yjs1VmMoQYvWQH4gPkFTt8EKgeTEcRFVFYh,http://purl.org/linked-data/cube#
QmWpu24LHVXWbbaGvVvpWEJe6xcyHE4Wj5PV9WThUzRJjr,http://linguistics-ontology.org/gold-2010.owl
QmXtgjbCtLthN5fNhLAUFWZGM7MnLdJ4giPyWVRHDk3nQN,http://www.w3.org/2006/03/wn/wn20/schemas/wnfull.rdfs
QmcPgEEJH8b9FDhnUJ4yjnc8xFG9TNMC57xiz2sVKRW1PH,http://schema.org/
QmRuX7sKS8qxSQQaech9crFK5jJbwGHkmFoWQKvR3wjwwC,http://vivo.cornell.edu/individual/PamelaGraham/PamelaGraham.rdf
QmNSAMD4YBH8aJAVFcdM3SpSueAroKtiyk7NGzYyR255W3,https://commondatastorage.googleapis.com/ckannet-storage/2012-04-09T135834/ProductionRDF.n3
Qmc8HtKz471xh6cuXkb8gGsh42U4ZMaVgyJZMSJfWN2nfp,http://gnoss.com/voidGnoss.n3
QmXQyABvRWvNGFhvAKWwfETeewUsr76zPQxNUA8NRb7rVA,http://nhs.psi.enakting.org/id/void
QmRfc46yanRCTRZjh2p6g3LXdEUtGGojfjKqGZYR6CYhcK,http://datos.bne.es/resource/XX1718747
Qmd4mLWFVWrEdakTz5nHAiUfZ2fLEi47gUNiKifxM5h9Hn,http://resource.geolba.ac.at/GeologicUnit.rdf
QmWQKLySQv9x4M4eGKxcUvhBd7ipUEhE3XkFgyTWmmAuKn,http://famu.eagle-i.net/sparqler/sparql?view=published-resources&format=text/turtle&query=PREFIX+rdfs%3A+%3Chttp%3A%2F%2Fwww.w3.org%2F2000%2F01%2Frdf-schema%23%3E+PREFIX+%3A+%3Chttp%3A%2F%2Feagle-i.org%2Font%2Frepo%2F1.0%2F%3E+construct+%7B%3Fs+%3Fp+%3Fo+.+%3Fp+rdfs%3Alabel+%3Fp_label+.+%3Fo+rdfs%3Alabel+%3Fo_label%7D+where+%7Bgraph+%3ANG_Published%7B%3Fs+%3Fp+%3Fo%7D+.+optional%7B%3Fp+rdfs%3Alabel+%3Fp_label+%7D+.+optional%7B+%3Fo+rdfs%3Alabel+%3Fo_label%7D%7D+
QmZn7wXHpgSrGFEP32zAfKQYRFNoyGrYoJXUYPZDBwyg4R,http://usefulinc.com/ns/doap
QmTYYEYJfiDghU6WGdEt7VBcTpGKxcB7E3uuao2AfgdSp4,http://red.gnoss.com/voidProspectivaGNOSS.n3
QmaU99ceuBk4t1dfhWcWJJYL9rqFKZhx4x9vn5bb7ytuye,http://purl.org/ontology/wo
QmcTcfFaaccSE6PvCZfSRH4jUH8YPddw1kviuEoXJa6dgY,http://purl.org/dc/elements/1.1/
QmcZvtoHZeicdSc38uT467iNZCXd1H264ZBHe6Wdu5NSwn,http://purl.oclc.org/net/DumpEarthRDF
QmQZKJCHanJn4FpBMU9cNijCdV6UJ1CWyrnbkNHdRwtuZy,http://laas.rkbexplorer.com/models/void.ttl
QmaHzA5tWE9YapoWFzynsCpUH61cXypi5qBphoMb5uhRc6,http://ec.europa.eu/eurostat/ramon/rdfdata/countries.rdf
Qme3waqvK438DChbGw3ncMvCcdf17GcpZCAPYfZPNFzqFZ,http://deusto.gnoss.com/voidDeustoEntrepreneurship.n3
QmbAnynAh3sT48N6EhJ2ZKsrSTtHDi2Yr29Gwd33xxuLiv,http://provenanceweb.org/ns/pml
QmRmpmcv3yG2MsthpYGqUbxX3vYxKXsTVXjaXSaNM5dwTf,http://data.organic-edunet.eu/void.ttl
QmZ4EAKnn7zEabJ6GQDcUMXMxD5nzaUruQxfU7fCYC24jU,http://data.nytimes.com/people.rdf
QmQ2KLCuzHEM6EBXKgmgE1ZRhTsxouzSwFq2FYxKHxDDJF,http://www.w3.org/ns/prov
Qme9XWGM86MzNhnWwgYcf4SEXeE7tpwoJVz5cdWRF2fc5J,https://ckannet-storage.commondatastorage.googleapis.com/2013-01-30T154723/2012-q2.rdf
QmSTNstWpbVBhFLo2mZu8iMRR2Zh2F4Zw1Kz8o4F7TG8G9,http://gilmere.upf.edu/corpus_data/ParoleSimpleOntology/ParoleEntries.owl
QmTRiHu4sSF6ZaGhMvrD9zu1kMrpUdzXj5yhEMwYCFVzyE,http://www.languagelibrary.eu/owl/geodomainWN/eng/geonames-synset
QmTW3yfyBYi6eUxzc4Vm5jS4gPX33sKHNoKkV35SLesfUf,http://opendata.euskadi.net/contenidos/ds_recursos_turisticos/zonas_de_compras/opendata/r01DataSet.rdf
QmTPEPFsXX8Bpg64D3eWdXmBohaHDtmdPnZhGGYy5STztv,http://worldbank.270a.info/data/meta/meta.rdf
QmamEs6J1dWbF75fLCYJw7F495nmKxPanRBkDTrb2r3ASB,http://dblp.l3s.de/dblp.rdf.gz
QmbCDqDXc9G1akWmszjTirVeYmfhJrxCno4TFmTiDwKk8z,http://www.w3.org/1999/02/22-rdf-syntax-ns#
Qmc2ZzgLWpR9V5iTKLPpUP6q5HuGaNxw1dhemvShkkU613,http://data.europeana.eu/download/1.1/datasets/nt/09405i_Ag_UK_ELocal_TWAM-AOL.nt.bz2
QmPz6ZiLdT2F6w4Thm2VYX5NtimVQvtGniRiicQT7Ltgjb,http://logd.tw.rpi.edu/source/congress-gov/file/biographical-directory-of-the-united-states-congress/version/2012-Jan-04/conversion/congress-gov-biographical-directory-of-the-united-states-congress-2012-Jan-04.void.ttl
QmbHu2eyLDAKwudSgxNHzH5SeiZqFbs4fwksZQgw8qvm7W,http://www.nobelprize.org/nobel_organizations/nobelmedia/nobelprize_org/developer/manual-linkeddata/terms.rdf
QmPkYfNTQrsZHFkuaZGuEhFs4rB7BbQTMDJwoLxamp6f5m,http://imf.270a.info/.well-known/void
QmSr5rQPQaCNDP5SiGTfgeyrg9svmtSTYBrZkHVvtvRzLt,http://www.icane.es/opendata/void
QmfQPxM9BMxXXrqYbPCDZfwY2ycD3zqSiEy7hx9MphMTcn,http://agris.fao.org/void.ttl
QmNsLAHwx6fDA5RDpY5nLzNvJ3NZTXiwYkUrjTRmUfDKKD,http://purl.org/twc/vocab/vsr/graffle#
QmWHCRwChFQLxcYbMCC8ubfhgiMNJr7JV81qXoXXvGoMrk,http://greek-lod.auth.gr/Fire/void.ttl
QmPekoBpSEiVksxT6TrLCpJytQdm778EJ1agiNPFw6TKyW,http://southampton.rkbexplorer.com/models/void.ttl
Qma5Aode8q1AQr2tYHCDmb3mzrdozfuAksuxkpTAMKwzkS,http://newcastle.rkbexplorer.com/models/void.ttl
QmV6Xis1vr8AKG1aaox7xymy4bAfeMcc8CMLXnA8jGtGwc,http://linkedmarkmail.wikier.org/linkedmarkmail.rdf
QmZKKNyMLeQaxmB3D22BDRP7gCPKevaQnHsFpumQRGegQR,http://www.sfs.uni-tuebingen.de/nalida/images/isocat/isocatOWL.owl
QmaoySsbZerXqHQ6or77SR5DiBkVmLA8YVyt45cS5pyWme,http://purl.org/weso/static/nomenclator/datasets/nomenclator-observations.ttl
QmWN7ub32sy3ZLY3ktrg8HUhAohrJDSpbRoxBztW1pUAgx,http://river.styx.org/ww/2010/12/cablegraph.rdf
QmdcvuKF7Kz1V3v8ZQepRBwh8PrprDNKDsCg31UJcpDkh8,http://provenanceweb.org/void.ttl
QmVtpCRviBSfcaqNZyrB8Z2H7uBxwm5675rRVi1vww2Aim,http://www.productontology.org/dump.rdf
QmVCgL6Piv3nECNSivGUimMJH4G6D8BtosBym87aMaY28d,http://purl.org/smartlink/service-nfp
QmbXJzWfm2rGfuLm87o83iMKak4jdaQpKNxSGgm9wCkTms,http://resex.rkbexplorer.com/models/void.ttl
QmTq1MWdjMJ6Qt58urEPtHDB18WcsjoaCFJ7KDZtwM3kua,http://agrinepaldata.com/download/void.ttl
QmZmw7ZYq6Y3pp6XP2rQkyjbYNyLbib4Ua1wUWBqQTLFHQ,http://www.w3.org/2003/g/data-view#
Qmd2U6z24F8aE1BogfFDjaVmAK9MfCqAfc7FDsZ4d7NFjK,http://lod.hebis.de/lod/hebis-10174116-13050073.rdf.gz
QmTAsUeRwpFxWxgDC4XZLjjyJhp354EvHuQhuZ9PYZYCZQ,http://data.ordnancesurvey.co.uk/
QmaNW67stwUy92tDfhnQJTf8Gd16oLMvccdRGG1x7M7qmP,http://www.cs.toronto.edu/%7Eoktie/linkedct/linkedct-live-dump-latest.nt.bz2
QmSPVZpJP4FJV9y8VeYURMKQnwAaiHmq7cFamnbJXo3xVc,http://purl.org/net/provenance/ns
QmZWUuBRzpHRfFExCt6Uhum9NsXY3d1xAuW9C9JM5qrLR7,https://commondatastorage.googleapis.com/ckannet-storage/2012-05-23T142816/bne.ttl
QmVNDKnvXmJmfQTtEuWXPAbkeqJH3p5SchwzzLshkUbAcM,http://rdfs.org/sioc/ns#
QmNUREjAcw4CXBJeseXsfgLDGPu7dicFgfNouDQWb2Ut7t,http://www.w3.org/ns/dcat#
QmQLSHSXijUhALmsXD4jqnQKPyr5vbgtf5wiRPoJurXxdR,http://lod.b3kat.de/download/lod.b3kat.de.part5.ttl.gz
QmTDMriyDNabgYHuLFwksdeQTAEfptstCMR2rwsnugK5bn,http://www.w3.org/ns/formats/
QmZXeh1FtwKkvgNTL8FMjW3YNeBfmJeTgQxHKsVD9eFkWE,http://www.europeana.eu/schemas/edm/
Qmba17mw9aha3XiJWjdKqXwMbF5EYMZsGzHTXnJe3nNM7g,http://data.nytimes.com/organizations.rdf
QmRDaJzoJTFLsZc3fbZDRAXUeo8ieMKrcQHTpfM9pyoktS,http://utsa.eagle-i.net/sparqler/sparql?view=published-resources&format=text/turtle&query=PREFIX+rdfs%3A+%3Chttp%3A%2F%2Fwww.w3.org%2F2000%2F01%2Frdf-schema%23%3E+PREFIX+%3A+%3Chttp%3A%2F%2Feagle-i.org%2Font%2Frepo%2F1.0%2F%3E+construct+%7B%3Fs+%3Fp+%3Fo+.+%3Fp+rdfs%3Alabel+%3Fp_label+.+%3Fo+rdfs%3Alabel+%3Fo_label%7D+where+%7Bgraph+%3ANG_Published%7B%3Fs+%3Fp+%3Fo%7D+.+optional%7B%3Fp+rdfs%3Alabel+%3Fp_label+%7D+.+optional%7B+%3Fo+rdfs%3Alabel+%3Fo_label%7D%7D+
QmWJ8maTa1PfLdfM17wvXh6nzuZG6CD4fGiZcb1GSB6Kxf,http://www.w3.org/2002/07/owl
QmaMcYjLaBfW1EvBYDWbxS1fHR92q1muwasHSHAArBd5Rr,http://data.totl.net/tarot/
QmaQetiMxeHKKHXu57DBXvbiUZPK887ZFGH7EViFGoC6p1,http://ccny-cuny.eagle-i.net/sparqler/sparql?view=published-resources&format=text/turtle&query=PREFIX+rdfs%3A+%3Chttp%3A%2F%2Fwww.w3.org%2F2000%2F01%2Frdf-schema%23%3E+PREFIX+%3A+%3Chttp%3A%2F%2Feagle-i.org%2Font%2Frepo%2F1.0%2F%3E+construct+%7B%3Fs+%3Fp+%3Fo+.+%3Fp+rdfs%3Alabel+%3Fp_label+.+%3Fo+rdfs%3Alabel+%3Fo_label%7D+where+%7Bgraph+%3ANG_Published%7B%3Fs+%3Fp+%3Fo%7D+.+optional%7B%3Fp+rdfs%3Alabel+%3Fp_label+%7D+.+optional%7B+%3Fo+rdfs%3Alabel+%3Fo_label%7D%7D+
QmbrBjNbm32hJUodBGGpiRazJpa1SSbPgrJAFzDTUgbmdN,http://www.w3.org/2004/02/skos/core
QmWVP9J484bihiDh1F38Wr5qaRLN3Uxvs7Cfr9oM11tTTq,http://eunis.eea.europa.eu/void.rdf
QmVx4sP3qRZeFf58GPdej9cDcBnDgk7P9P9BxA74VXT2Rk,http://webconf.rkbexplorer.com/models/void.ttl
QmasBuk6sMnGKsNr7iJDQ11bETtM8spsomL3tsH2SLby9Z,http://lod.hebis.de/lod/hebis-26887668-29873805.rdf.gz
QmSKxwgtVVXqJhVQdwEsxfgSzXagrwpav75hjKiXvABvYE,http://www.lexvo.org/resources/lexvo_latest.rdf.gz
QmbDWiHLbnjJ2vGnaViALUEZFtCGu3hgUVhsSZjQ5xwpki,http://gnoss.com/gnoss.owl
QmUpLTHQ2o41Y2hb1tADmQpjag3bhaCqo3uF4L6VeUyAtQ,http://eprints.rkbexplorer.com/models/void.ttl
QmQ7gC9jtqHvhxMjuGZnseLYDJp34KPhWsJprG96Li6mMU,http://data.totl.net/element/
QmY1GmJYxjaWna8nKy5vb2c72A7bPX8QQq9x1PJy2RzASx,http://data.lenka.no/dumps/fylke-geonames.ttl
QmVxRXF1WN6JN3FpmBrHD59N55VA9uAGXsQ7fSRBG5CAN1,http://vocab.nerc.ac.uk/collection/
Qmc6doaj5K29WG7YiyRy2KEUsZ5ypyrEDsvf4UBJYw9UDe,http://www.kupkb.org/public/kupo/kupo.owl
QmayeCdqENd19kTBLW76tN3LAb9pomBzmEsMVaGseQdS8z,http://resource.geolba.ac.at/GeologicTimeScale.rdf
QmYtEJygML5YsGyZGdZxuzz3qmHytj57JpbjJmTc1mnArh,http://source.data.gov.uk/data/research/bis-research-explorer/2010-03-04/research.data.gov.uk.nt
QmWm1srEs1gcjLvYURAb3M81JNarf2aDjhnfjBCzLTbgmi,http://data.totl.net/kabbalah/
QmX8JuVCKXAaVXTMss6coJNwRwDGXH9RdWyFbEU3CuUhG5,http://id.southampton.ac.uk/dataset/apps/latest.ttl
QmdSVYghnVqjYj1aPssnaF4yLLeuwiZLqkdJEH1jggBCfR,https://commondatastorage.googleapis.com/ckannet-storage/2012-04-02T140643/vivopsmexport.rdf
Qme6yGoxf6MSFcreZvFUNvQ8mUNTEExFXEzcGmHB3ucXwH,http://ec.europa.eu/eurostat/ramon/rdfdata/nace_r2.rdf
QmURPdrGApYpVnd7HA3Lt4zW3CYSKBZEwKZAFFvGZsnTkH,http://oai.rkbexplorer.com/models/void.ttl
QmfQbJtLUvEm37Yftjgpz3AwAxWEmZvk5iesXC7ztunj5G,http://data.nytimes.com/locations.rdf
QmUj9Vo3FdQ7cWBTS2qeSxxG8B2dqiZByr2hQf8J7nRgLo,http://greek-lod.auth.gr/Police/police.rdf.gz
QmVx6111LDkN3grg7c8sB9qHU3xArEESiV1Dkj5wu31rfs,http://ontology.kiom.re.kr/ontology/lod.rdf
QmX8ijhfYNzmuJtcEjUPfTKaV35wFEzP3Q3wFDFZWgT8ds,http://kisti.rkbexplorer.com/models/void.ttl
QmPuEXL14cPdAaTt19fF1acFC2zRzBYFDfHwAmoyPPvjyk,http://www.languagelibrary.eu/owl/geodomainWN/ita/lemon/geodomainWNita-lemon
QmXpTvsrptvEtPKbJuJ8bYheBzurzaHdjTmAhpyab8RKE1,http://jsu.eagle-i.net/sparqler/sparql?view=published-resources&format=text/turtle&query=PREFIX+rdfs%3A+%3Chttp%3A%2F%2Fwww.w3.org%2F2000%2F01%2Frdf-schema%23%3E+PREFIX+%3A+%3Chttp%3A%2F%2Feagle-i.org%2Font%2Frepo%2F1.0%2F%3E+construct+%7B%3Fs+%3Fp+%3Fo+.+%3Fp+rdfs%3Alabel+%3Fp_label+.+%3Fo+rdfs%3Alabel+%3Fo_label%7D+where+%7Bgraph+%3ANG_Published%7B%3Fs+%3Fp+%3Fo%7D+.+optional%7B%3Fp+rdfs%3Alabel+%3Fp_label+%7D+.+optional%7B+%3Fo+rdfs%3Alabel+%3Fo_label%7D%7D+
QmPRB1FhrrjCr4HbfRbuir7ArzfsWCXdVPwktz6Po28Y1q,http://tuskegee.eagle-i.net/sparqler/sparql?view=published-resources&format=text/turtle&query=PREFIX+rdfs%3A+%3Chttp%3A%2F%2Fwww.w3.org%2F2000%2F01%2Frdf-schema%23%3E+PREFIX+%3A+%3Chttp%3A%2F%2Feagle-i.org%2Font%2Frepo%2F1.0%2F%3E+construct+%7B%3Fs+%3Fp+%3Fo+.+%3Fp+rdfs%3Alabel+%3Fp_label+.+%3Fo+rdfs%3Alabel+%3Fo_label%7D+where+%7Bgraph+%3ANG_Published%7B%3Fs+%3Fp+%3Fo%7D+.+optional%7B%3Fp+rdfs%3Alabel+%3Fp_label+%7D+.+optional%7B+%3Fo+rdfs%3Alabel+%3Fo_label%7D%7D+
QmVhtXYZSsg8qQHywFWQUgDzGNMJmywDkxGPGMh38BuZo1,http://www.askosi.org/jita/void.rdf
QmQnHtHhWvY3oDAi8mHQkbAjHXT3fSwwRd7jZyNDayjk7Z,http://packages.qa.debian.org/a/apache2.rdf
QmUknMr6bGBadPgPZaeRw5sPfpqaQZNzjFnbcXTU493vDe,http://www.w3.org/2003/01/geo/wgs84_pos
QmaYsvdDTs2AzToGPM4QD4JxJMPcEMrVMaiWvNvivTP7FU,http://purl.org/ns/meteo#
QmeFjBXBnRc3ZBtwMntFiQzTiUEvyVpB9hpP7XL6UEZXk3,http://www.bibsys.no/linked_data/authority
QmRe49ndscbfr4aWU2TtFanRNfX4ZkRFouEXXhfFDM3Dwn,http://scholarometer.indiana.edu/namespaces/
QmPkancEC4UNpZwF8tNKnk1NaWwjwqFLvq5KMoGzwyEY8U,http://www.kupkb.org/data/kupkb/experiment/gse17138_adult_assay
QmPT5ezJyrUpbRmfsTQGZmK1EKekaGNG6NVr6zAQYwrQy8,http://webscience.rkbexplorer.com/models/void.ttl
QmUAphtEqEuH4MudQ9pXxormvin7Th9tbko61SwxTq47XW,http://www.w3.org/2002/07/owl#
QmUX4MLfFYaxaPBLENMoSbgdWqiBHNe6EeYkW7GGb34PYg,http://archive.org/download/kasabi/bricklink.gz
QmSsKDQdYachB8qHjjsQHP1JJpaCD3JogsTkFxW7Lc44vF,http://fao.270a.info/.well-known/void
Qmf3yojCFRSyDJtnCQ7CCqB3qQj9v3jBPiUUFnZgKMJdGy,http://data.europeana.eu/download/1.1/datasets/nt/92037_Ag_EU_TEL_a0444_BritishLibrary.nt.bz2
QmSQLZddg8vL7gsJPTDaR1dzEcvKR2Nao6NzUMXxPS93JX,http://purl.org/dc/terms/
QmVoT9e89qRdCaq4ciTPWXSmegqVfPRF2ch1k6jfZyEXHU,http://era.rkbexplorer.com/models/void.ttl
Qmb1CBEvtQLkfEkCgeXZrSTrd7P7mvGmDziJXMcTXC2Cda,https://commondatastorage.googleapis.com/ckannet-storage/2012-09-06T043619/record1_10.rdf
QmdKZq4L1xYMnVDRQnhdipk22ujsyvZMKEuk7NSDAYdJ21,http://inference-web.org/2.0/pml-justification.owl#
QmdQBYf1arAPc8sN9EurAHeELCTQiAiNEm6atxp8B7RpqF,http://data.lenka.no/dumps/kommunesentre-geonames.ttl
Qmc6ZazbDiVeTa2Nr8JXx1YoqK2qLUQcFZMtqUP1qwMQWo,http://lod.gesis.org/thesoz/void.ttl
QmQK6VDPJKwtojcUQVjHdyjpMwqujkjwZWSuTkFLVC4PV7,http://greek-lod.auth.gr/Fire/fire.rdf.gz
QmZ9ucDhprr1H8QEX7EMLLX4XGUDVt3RyYBm7zxkqSbdDy,http://red.gnoss.com/voidGreenCompetitivenessGNOSS.n3
QmQZMjnDL5WwWHddFHNQt9tXnrg2MrKVdnZ2HdSkdR1mrL,http://aims.fao.org/aos/geopolitical.owl
QmPEa3Ur44VSDgVZUvbE8PKRkfPyHY2E6gdBtMW3hUboae,http://acm.rkbexplorer.com/models/void.ttl
Qme3BgCSWRH9PfX9BD5cmbZs1j9SGZJrpuhQ79s4CC7NuE,http://data.europeana.eu/download/1.1/datasets/nt/09405h_Ag_UK_ELocal_TWAM-DB.nt.bz2
QmVccn3qbRGqv5mRzhRBqZpk19kb3xojjxoTNujQUkmsdm,http://purl.org/olia/discourse/olia_discourse.owl
Qmc8Kwy3iX7yyoTEHt4XTuQ9fihchDhmJayfBATiCpJXrw,http://data.reegle.info/developers/actor
QmY31BjYoEwxPxdN1uSZF8zqHkaLRRGpj9T4bjKCPQ8bmq,http://purl.org/net/lio
QmYHT4o73U7K45t1ntAMSrUPYoNKkrTRc9Spi2JNtiQGo4,http://www.lotico.com/resource/member_2316446
QmccpfXntWUx2C3TDU9Vqeyz8VRrjbb1ZKac2JUkw4tKRb,http://ckan.net/storage/f/file/80d5f096-e1ad-489f-9ff4-793e6f5f04d2
QmTVBnn82CYNRHJMbaz6nz1QnaiYUih1XVPHg6pjX9D9Us,http://www.yovisto.com/ontology/0.9/index.owl
QmdJJW2hptxL4TefCCM1PcnjxoUrSZQde9ZTwXZhpiQXY3,http://purl.org/net/provenance/ns#
QmQD6izrPPviUk8bEf3T8TKyvETcptxyqHYvNSPFrCzd41,http://eprints.ecs.soton.ac.uk/id/repository
QmPNR5r9H9QtMsduWGJe5BXisdcjkKssy675jNTg3n8d1m,http://zbw.eu/beta/p20/void.ttl
QmXxTufFV9xhXk7rtiPoDq96U1N5iC3NVCpa7vPNqgHkyd,http://energy.psi.enakting.org/id/void
QmbyXo11dopaFteUXoGJghbULEEzVgtDZ2kxXyHkzzR2QX,http://lod.ac/ns/species
QmeXk2gKqBmRfsoGw2QkhkHBqTwdG4FxUFurHgCWfQ5bkf,http://core-project.kmi.open.ac.uk/files/core-voiD.n3
QmTp26SoCKiPBUyYquNr9Vndtsqyjg5tSupS6TgQZqmt5b,http://ner.vse.cz/datasets/linkedhypernyms/en.instances.all.nt.gz
QmSuZJMqtH2oMQ5pKmRuy7FhKaVEQqS7u7KWHiqvotRJ5G,http://umbel.googlecode.com/svn/trunk/v100/Reference%20Structure/umbel_reference_concepts_v100.n3
Qme86e6JHZ1JRs6T53nqP7NZRmh5RcsQk2JA8kfoq7jayY,http://www.w3.org/2003/01/geo/wgs84_pos#
QmRARkgLa1YPTtNo1ZZfY24kMgGfWWDuMgFEcN51Lph7BN,http://fast.oclc.org/fast/void/0.1/
QmU4yrmUo2gZ2waYxbV4HsZRPpKbi7T869g5UfguB5bBme,http://data.totl.net/playingcards/
QmTCDs5HETzyFir4W5skwaTbAaUvHefTocr4ZoXzUWx2Mr,http://mismuseos.net/voidMisMuseosGNOSS.n3
QmTJaDH1gxRLwzRzmeVV8zUYkyPXETgrKFz3EpnrVZc7hp,http://dotac.rkbexplorer.com/models/void.ttl
QmV4PX1uMcooUFsgx948Y7FV6mebNog99WAjpkEqkuTWFP,https://commondatastorage.googleapis.com/ckannet-storage/2012-04-02T150245/scripps_export.rdf
QmUQ4J3SshQL5htpu5C2xKmFGoQiZ1ZBDqVdWARCwmW73N,http://mlode.nlp2rdf.org/datasets/jrcNames.ttl.gz
QmW4xmo6uiaZFgYeQigZMdeo8UwHSBEfR54uj4dTarRBNM,http://curriculum.rkbexplorer.com/models/void.ttl
QmfGcSGhUeKMWhGvFNcLrVbKB1TNPMgLM32A8ytFm16UsQ,http://www.cs.vu.nl/STITCH/rameau/dump/Rameau.skos.gz
QmNxEWpKcJfM4BnGmtkKst4zwAFmuANEWgkCqz3Usxwedb,http://products.garnicaplywood.com/voidGarnicaPlywoodGNOSS.n3
QmbNTfQrun6rYUmcNEC8HwpiSemcNijBYbF3BkQY7PUK4C,http://ecs.rkbexplorer.com/models/void.ttl
QmWg76usQ2cLMpqLLYA8tapDpERr2qti8GoMqU5WDtmAev,http://lod.b3kat.de/download/lod.b3kat.de.part4.ttl.gz
QmbkdxXDZXrh9xhZe2seip2chmBvAwNaZkmHWx7WMVTq9A,http://lod.gesis.org/thesoz/ext/thesoz_ext.rdf
QmPvY7RpoyAYwQGwNziZAfGMkBq2NEwhKKRsmWubwstxm3,http://steak.kisti.re.kr/steak2skos/STEAK2SKOS_dump.rdf
QmaxH1Q18wyUUH2RtK9YF7wxFdq4dhmqT9pMGTfNN1BnvM,http://data.organic-edunet.eu/rdfdump.rdf
QmNxfydZZksbs2Y6GVps22abMWcSSx7CH7auPBBnFxZtzo,http://lisbon.rkbexplorer.com/models/void.ttl
QmYGSAD7i5QfFPaz4c6ivSGQfYUbx1KX3dDynkAwPq61Qf,https://commondatastorage.googleapis.com/ckannet-storage/2012-08-27T163756/Diavgeia_demo_RDF_XML.rdf
QmTBwGzujtDPgVwgc4SohTLRtKvipWZQd4ibuB1d2uyMNJ,http://red.gnoss.com/en/community/buscaempresas/Empresas/tag/s?rdf
